time,latitude,longitude,depth,mag,magType,nst,gap,dmin,rms,net,id,updated,place,type,horizontalError,depthError,magError,magNst,status,locationSource,magSource
2020-05-15T17:45:13.740Z,38.139,-118.0278,5,2.7,ml,20,77.32,0.3,0.2,nn,nn00725542,2020-05-15T17:49:32.201Z,"67km SE of Hawthorne, Nevada",earthquake,,18.4,,,automatic,nn,nn
2020-05-15T17:42:25.680Z,38.125,-118.0565,9,3.4,ml,25,114.23,0.36,0.22,nn,nn00725538,2020-05-15T17:46:44.467Z,"66km SE of Hawthorne, Nevada",earthquake,,3.1,,,automatic,nn,nn
2020-05-15T17:41:27.850Z,38.194,-118.023,10.1,2.5,ml,9,125.53,0.367,0.16,nn,nn00725539,2020-05-15T17:46:05.126Z,"64km SE of Hawthorne, Nevada",earthquake,,1.2,,,automatic,nn,nn
2020-05-15T17:38:16.940Z,38.1633,-118.0242,6,3.6,ml,35,49.81,0.289,0.11,nn,nn00725533,2020-05-15T17:48:38.845Z,"66km SE of Hawthorne, Nevada",earthquake,,12.2,,,automatic,nn,nn
2020-05-15T17:38:11.260Z,35.6638333,-117.4886667,2.91,0.85,ml,11,143,0.08012,0.12,ci,ci39201727,2020-05-15T17:41:55.263Z,"14km SSW of Searles Valley, CA",earthquake,0.39,0.54,0.095,10,automatic,ci,ci
2020-05-15T17:25:23.280Z,37.9752,-118.1007,25,3.7,ml,30,116.19,0.697,0.2,nn,nn00725526,2020-05-15T17:41:37.954Z,"70km NNE of Dixon Lane-Meadow Creek, California",earthquake,,0.7,,,automatic,nn,nn
2020-05-15T17:22:51.493Z,61.1377,-148.2767,0,1.8,ml,,,,0.9,ak,ak020697ce64,2020-05-15T17:26:00.018Z,"46km NNE of Whittier, Alaska",earthquake,,0.3,,,automatic,ak,ak
2020-05-15T17:22:06.290Z,38.1807,-118.0553,6.8,2.6,ml,11,134.99,0.266,0.09,nn,nn00725524,2020-05-15T17:26:48.822Z,"62km SE of Hawthorne, Nevada",earthquake,,11.1,,,automatic,nn,nn
2020-05-15T17:18:29.960Z,38.2153,-117.7072,0.7,3.3,ml,22,75.76,0.502,0.92,nn,nn00725521,2020-05-15T17:47:25.658Z,"44km WNW of Tonopah, Nevada",earthquake,,74.5,,,automatic,nn,nn
2020-05-15T17:08:06.890Z,38.1618,-117.8488,0.1,3.7,ml,38,49,0.351,0.32,nn,nn00725516,2020-05-15T17:35:05.098Z,"51km WNW of Tonopah, Nevada",earthquake,,14.8,,,automatic,nn,nn
2020-05-15T17:05:23.980Z,19.2126675,-155.4063263,30.9,2.05,ml,47,149,0.02607,0.13,hv,hv71514652,2020-05-15T17:10:58.450Z,"7km E of Pahala, Hawaii",earthquake,0.46,0.72,3.34,14,automatic,hv,hv
2020-05-15T17:02:24.350Z,33.5016667,-116.778,7.29,0.48,ml,19,47,0.02151,0.2,ci,ci39201671,2020-05-15T17:06:11.130Z,"10km NE of Aguanga, CA",earthquake,0.36,1.02,0.074,10,automatic,ci,ci
2020-05-15T16:58:15.580Z,19.4863338,-155.4940033,1.61,1.93,ml,30,96,0.04619,0.24,hv,hv71514647,2020-05-15T17:04:00.060Z,"27km WNW of Volcano, Hawaii",earthquake,0.56,3.13,5.3,3,automatic,hv,hv
2020-05-15T16:57:30.490Z,33.0148333,-116.0141667,10.87,0.97,ml,21,72,0.1331,0.18,ci,ci39201655,2020-05-15T17:48:12.017Z,"18km SE of Ocotillo Wells, CA",earthquake,0.31,0.75,0.138,9,reviewed,ci,ci
2020-05-15T16:56:05.010Z,38.1662,-117.9552,7.7,2.3,ml,12,168.03,0.3,0.11,nn,nn00725514,2020-05-15T16:59:28.728Z,"64km W of Tonopah, Nevada",earthquake,,12.5,,,automatic,nn,nn
2020-05-15T16:55:14.620Z,38.2145,-117.7925,0,2.6,ml,16,123.9,0.351,0.82,nn,nn00725512,2020-05-15T16:58:30.107Z,"51km WNW of Tonopah, Nevada",earthquake,,38.7,,,automatic,nn,nn
2020-05-15T16:52:53.010Z,38.1662,-117.842,0.2,3.5,ml,23,94.05,0.516,0.31,nn,nn00725509,2020-05-15T17:19:21.031Z,"55km WNW of Tonopah, Nevada",earthquake,,9.1,,,automatic,nn,nn
2020-05-15T16:47:28.360Z,38.8077,-118.5272,2.9,2.1,ml,5,165.93,1.233,0.08,nn,nn00725508,2020-05-15T16:54:33.908Z,"32km NNE of Hawthorne, Nevada",earthquake,,10.5,,,automatic,nn,nn
2020-05-15T16:45:28.250Z,38.1505,-118.0138,1,2.3,ml,14,103.28,0.301,0.1,nn,nn00725504,2020-05-15T17:39:34.101Z,"67km SE of Hawthorne, Nevada",earthquake,,11.1,,,automatic,nn,nn
2020-05-15T16:44:31.930Z,38.1683,-118.0257,5.8,2.7,ml,14,116.85,0.273,0.04,nn,nn00725503,2020-05-15T16:48:49.946Z,"65km SE of Hawthorne, Nevada",earthquake,,9.1,,,automatic,nn,nn
2020-05-15T16:41:40.860Z,38.1205,-117.8705,0.1,2.6,ml,18,166.81,0.501,0.21,nn,nn00725500,2020-05-15T16:45:31.333Z,"56km W of Tonopah, Nevada",earthquake,,10.4,,,automatic,nn,nn
2020-05-15T16:38:30.370Z,38.1483,-118.0187,9.2,2.4,ml,11,173.79,0.288,0.04,nn,nn00725498,2020-05-15T16:42:47.557Z,"67km SE of Hawthorne, Nevada",earthquake,,8.6,,,automatic,nn,nn
2020-05-15T16:35:44.330Z,38.1847,-117.7822,9.2,3.7,ml,32,61.44,0.36,0.13,nn,nn00725492,2020-05-15T17:32:01.673Z,"50km WNW of Tonopah, Nevada",earthquake,,10.4,,,automatic,nn,nn
2020-05-15T16:33:59.700Z,38.155,-117.912,8.3,2.9,ml,25,48.12,0.724,0.25,nn,nn00725489,2020-05-15T16:37:54.612Z,"60km W of Tonopah, Nevada",earthquake,,1.2,,,automatic,nn,nn
2020-05-15T16:32:08.000Z,38.1593,-117.8927,12,2.7,ml,14,91.86,0.514,0.22,nn,nn00725488,2020-05-15T16:36:09.258Z,"59km W of Tonopah, Nevada",earthquake,,1.3,,,automatic,nn,nn
2020-05-15T16:26:11.270Z,38.1788,-117.8413,3.3,3,ml,14,134.46,0.514,0.27,nn,nn00725486,2020-05-15T16:41:06.040Z,"55km WNW of Tonopah, Nevada",earthquake,,3.6,,,automatic,nn,nn
2020-05-15T16:26:05.220Z,37.9537,-117.1535,9.4,3.4,ml,5,184.44,1.13,0.15,nn,nn00725487,2020-05-15T16:48:31.432Z,"14km SSE of Tonopah, Nevada",earthquake,,13.8,,,automatic,nn,nn
2020-05-15T16:22:22.340Z,38.1677,-118.0308,8.3,3.3,ml,20,77.52,0.286,0.19,nn,nn00725484,2020-05-15T16:33:45.346Z,"65km SE of Hawthorne, Nevada",earthquake,,14.9,,,automatic,nn,nn
2020-05-15T16:21:59.060Z,35.7285,-117.5595,11.18,0.85,ml,10,150,0.09238,0.13,ci,ci39201607,2020-05-15T16:25:37.494Z,"15km WSW of Searles Valley, CA",earthquake,0.41,0.76,0.178,9,automatic,ci,ci
2020-05-15T16:16:21.080Z,38.172,-117.881,10.7,2.8,ml,14,92.97,0.509,0.25,nn,nn00725482,2020-05-15T16:21:54.986Z,"58km WNW of Tonopah, Nevada",earthquake,,1.5,,,automatic,nn,nn
2020-05-15T16:12:37.830Z,33.2493333,-116.4591667,1.85,0.76,ml,24,47,0.03991,0.23,ci,ci39201591,2020-05-15T17:23:44.397Z,"8km W of Borrego Springs, CA",earthquake,0.26,0.44,0.088,14,reviewed,ci,ci
2020-05-15T16:09:20.560Z,38.1927,-117.8893,10.2,2.8,ml,23,49.35,0.481,0.26,nn,nn00725478,2020-05-15T16:19:46.639Z,"59km WNW of Tonopah, Nevada",earthquake,,1.7,,,automatic,nn,nn
2020-05-15T16:07:49.810Z,38.1805,-118.0672,1.5,3.1,ml,18,128.66,0.244,0.14,nn,nn00725476,2020-05-15T16:25:19.040Z,"61km SE of Hawthorne, Nevada",earthquake,,12.8,,,automatic,nn,nn
2020-05-15T16:01:39.950Z,38.2277,-118.047,22.4,2.8,ml,12,128.61,0.907,0.22,nn,nn00725475,2020-05-15T16:09:47.096Z,"60km ESE of Hawthorne, Nevada",earthquake,,2.4,,,automatic,nn,nn
2020-05-15T16:00:46.410Z,37.5508347,-118.4258347,6.56,2.15,md,5,189,0.0142,0.02,nc,nc73385975,2020-05-15T16:26:05.093Z,"18km N of Dixon Lane-Meadow Creek, CA",earthquake,2.97,7.91,0.25,3,automatic,nc,nc
2020-05-15T15:59:17.470Z,38.197,-117.7395,8.6,2.8,ml,19,60.47,0.78,0.18,nn,nn00725472,2020-05-15T16:04:19.230Z,"46km WNW of Tonopah, Nevada",earthquake,,0.8,,,automatic,nn,nn
2020-05-15T15:57:26.110Z,38.1595,-118.0107,3.1,2.6,ml,11,100.94,0.294,0.33,nn,nn00725471,2020-05-15T16:05:36.144Z,"67km SE of Hawthorne, Nevada",earthquake,,3.3,,,automatic,nn,nn
2020-05-15T15:56:35.910Z,38.1518,-117.866,5.8,2.8,ml,24,67.97,0.355,0.1,nn,nn00725469,2020-05-15T16:01:35.678Z,"56km W of Tonopah, Nevada",earthquake,,12,,,automatic,nn,nn
2020-05-15T15:56:20.474Z,60.8199,-150.675,35.1,1.9,ml,,,,0.51,ak,ak020696cqwc,2020-05-15T16:14:23.946Z,"31km N of Sterling, Alaska",earthquake,,5.8,,,automatic,ak,ak
2020-05-15T15:53:44.830Z,40.7408333,-112.0761667,7.34,0.73,md,11,123,0.01274,0.07,uu,uu60386382,2020-05-15T16:26:37.840Z,"4km NNE of Magna, Utah",earthquake,0.33,0.73,0.069,6,reviewed,uu,uu
2020-05-15T15:52:28.170Z,38.1965,-117.881,6.3,2.6,ml,16,67.72,0.503,0.36,nn,nn00725468,2020-05-15T16:08:18.302Z,"58km WNW of Tonopah, Nevada",earthquake,,4.5,,,automatic,nn,nn
2020-05-15T15:45:11.430Z,38.1613,-117.9993,6,2.3,ml,10,145.5,0.292,0.62,nn,nn00725467,2020-05-15T15:49:06.226Z,"67km SE of Hawthorne, Nevada",earthquake,,52.5,,,automatic,nn,nn
2020-05-15T15:38:44.260Z,37.7327,-117.491,1,2.8,ml,12,298.31,0.379,0.24,nn,nn00725464,2020-05-15T15:42:19.620Z,"22km W of Goldfield, Nevada",earthquake,,15.1,,,automatic,nn,nn
2020-05-15T15:37:39.410Z,38.2493,-117.8732,13.4,2.8,ml,21,108.93,0.293,0.07,nn,nn00725462,2020-05-15T15:42:11.058Z,"59km WNW of Tonopah, Nevada",earthquake,,3.3,,,automatic,nn,nn
2020-05-15T15:23:24.676Z,38.1667,-117.8006,7.6,4.8,ml,14,46.65,0.385,0.1628,nn,nn00725454,2020-05-15T17:27:35.909Z,"51km WNW of Tonopah, Nevada",earthquake,,4.3,0.32,6,reviewed,nn,nn
2020-05-15T15:21:40.930Z,37.5827,-117.317,26.3,2.7,ml,10,178.7,1.056,0.23,nn,nn00725452,2020-05-15T15:25:45.742Z,"15km SSW of Goldfield, Nevada",earthquake,,20.6,,,automatic,nn,nn
2020-05-15T15:21:25.640Z,38.1665,-117.962,0.8,3.1,ml,18,47.6,0.402,0.19,nn,nn00725448,2020-05-15T16:29:56.040Z,"65km W of Tonopah, Nevada",earthquake,,14.7,,,automatic,nn,nn
2020-05-15T15:20:25.210Z,38.7813339,-122.7566681,0.98,0.97,md,15,67,0.01275,0.03,nc,nc73385865,2020-05-15T15:46:02.876Z,"0km N of The Geysers, CA",earthquake,0.23,0.44,0.08,4,automatic,nc,nc
2020-05-15T15:19:59.140Z,37.4965,-117.2857,16.1,2.5,ml,15,276.21,0.273,0.22,nn,nn00725446,2020-05-15T15:23:28.253Z,"23km S of Goldfield, Nevada",earthquake,,0.9,,,automatic,nn,nn
2020-05-15T15:18:55.456Z,-30.015,-176.4514,10,5.1,mb,,63,1.497,0.67,us,us70009gux,2020-05-15T15:38:30.040Z,"162km ESE of Raoul Island, New Zealand",earthquake,10.7,1.8,0.082,48,reviewed,us,us
2020-05-15T15:18:37.570Z,37.6358337,-118.5221634,2.29,2.5,md,7,127,0.03969,0.04,nc,nc73385855,2020-05-15T15:25:04.934Z,"16km ENE of Toms Place, CA",earthquake,3.58,6.26,0.11,6,automatic,nc,nc
2020-05-15T15:16:04.930Z,38.1548,-117.9372,1,2.7,ml,19,90.01,0.317,0.23,nn,nn00725442,2020-05-15T15:20:09.639Z,"62km W of Tonopah, Nevada",earthquake,,15.3,,,automatic,nn,nn
2020-05-15T15:10:18.810Z,35.5318333,-117.4776667,7.76,1.39,ml,16,81,0.05599,0.13,ci,ci39201543,2020-05-15T15:14:05.768Z,"20km ESE of Ridgecrest, CA",earthquake,0.28,0.68,0.166,15,automatic,ci,ci
2020-05-15T15:08:32.080Z,35.5298333,-117.4835,7.99,2.5,ml,26,68,0.05915,0.15,ci,ci39201527,2020-05-15T15:19:03.500Z,"20km ESE of Ridgecrest, CA",earthquake,0.26,0.67,0.182,26,automatic,ci,ci
2020-05-15T15:07:25.705Z,38.1562,-117.898,2.9,3.9,ml,17,47.81,0.343,0.2164,nn,nn00725434,2020-05-15T17:08:25.230Z,"60km W of Tonopah, Nevada",earthquake,,2.4,0.45,7,reviewed,nn,nn
2020-05-15T15:05:53.515Z,-15.1728,-172.6331,26.17,5.2,mb,,100,4.664,0.72,us,us70009gu8,2020-05-15T15:25:19.040Z,"147km NE of Hihifo, Tonga",earthquake,7.6,4.9,0.097,35,reviewed,us,us
2020-05-15T15:05:27.380Z,38.1503,-117.9862,9.1,2.9,ml,24,87.42,0.395,0.26,nn,nn00725433,2020-05-15T15:08:50.839Z,"66km W of Tonopah, Nevada",earthquake,,2.5,,,automatic,nn,nn
2020-05-15T15:02:25.890Z,37.7832,-117.382,4.5,2,ml,6,231.15,1.03,0.16,nn,nn00725432,2020-05-15T15:07:25.273Z,"15km WNW of Goldfield, Nevada",earthquake,,15.8,,,automatic,nn,nn
2020-05-15T14:58:51.640Z,38.0857,-117.9135,11.7,3.4,ml,27,120.07,0.896,0.24,nn,nn00725426,2020-05-15T16:06:29.040Z,"66km W of Tonopah, Nevada",earthquake,,1.3,,,automatic,nn,nn
2020-05-15T14:56:57.370Z,38.3073,-117.9232,11.9,2.6,ml,12,132.84,0.412,0.16,nn,nn00725425,2020-05-15T17:34:54.040Z,"63km ESE of Hawthorne, Nevada",earthquake,,1.9,,,automatic,nn,nn
2020-05-15T14:55:14.299Z,61.8824,-149.2686,0,0.8,ml,,,,0.77,ak,ak020695r33q,2020-05-15T15:00:46.267Z,"15km N of Fishhook, Alaska",earthquake,,1.1,,,automatic,ak,ak
2020-05-15T14:54:51.700Z,38.209,-117.8603,3.9,2.6,ml,16,135.42,0.297,0.04,nn,nn00725422,2020-05-15T15:20:59.040Z,"57km WNW of Tonopah, Nevada",earthquake,,0.9,,,automatic,nn,nn
2020-05-15T14:51:51.380Z,47.6238333333333,-118.037833333333,-0.58,1.46,ml,3,200,0.2382,0.39,uw,uw61614792,2020-05-15T16:43:11.710Z,"9km ESE of Davenport, Washington",explosion,2.75,31.61,0.184868288133678,2,reviewed,uw,uw
2020-05-15T14:49:21.902Z,-15.6128,-172.9734,15.88,5.8,mww,,113,4.508,0.95,us,us70009gsj,2020-05-15T16:51:10.931Z,"91km ENE of Hihifo, Tonga",earthquake,9.7,4.9,0.093,11,reviewed,us,us
2020-05-15T14:47:54.100Z,38.1612,-117.953,5.8,3,ml,11,105.75,0.791,0.25,nn,nn00725420,2020-05-15T16:35:55.040Z,"63km W of Tonopah, Nevada",earthquake,,9.6,,,automatic,nn,nn
2020-05-15T14:46:13.200Z,33.983,-116.7586667,17.57,1.05,ml,20,124,0.1074,0.23,ci,ci39201503,2020-05-15T14:49:56.276Z,"8km NNE of Cabazon, CA",earthquake,0.55,1.12,0.258,26,automatic,ci,ci
2020-05-15T14:36:14.050Z,38.274,-117.8005,8.1,3,ml,19,69.28,0.305,0.04,nn,nn00725417,2020-05-15T15:13:20.304Z,"55km WNW of Tonopah, Nevada",earthquake,,8.2,,,automatic,nn,nn
2020-05-15T14:35:19.096Z,61.4702,-141.5735,0,1.6,ml,,,,0.64,ak,ak020695mt5j,2020-05-15T14:39:40.691Z,"152km E of Chitina, Alaska",earthquake,,0.5,,,automatic,ak,ak
2020-05-15T14:34:38.160Z,38.8098335,-122.8273315,1.94,0.8,md,14,62,0.001735,0.02,nc,nc73385765,2020-05-15T14:52:02.663Z,"7km WNW of The Geysers, CA",earthquake,0.27,0.62,0.08,3,automatic,nc,nc
2020-05-15T14:33:23.630Z,46.8535,-121.760666666667,1.26,0.31,ml,10,85,0.02232,0.06,uw,uw61614777,2020-05-15T16:08:53.820Z,"28km NNW of Packwood, Washington",earthquake,0.28,0.49,0.242580986979448,6,reviewed,uw,uw
2020-05-15T14:30:54.190Z,38.165,-117.7323,9.3,2.8,ml,28,145.22,0.583,0.16,nn,nn00725415,2020-05-15T14:56:11.967Z,"45km WNW of Tonopah, Nevada",earthquake,,1,,,automatic,nn,nn
2020-05-15T14:28:26.680Z,38.1887,-117.84,22.3,2.8,ml,10,146.77,0.847,0.31,nn,nn00725414,2020-05-15T14:32:26.119Z,"55km WNW of Tonopah, Nevada",earthquake,,26.9,,,automatic,nn,nn
2020-05-15T14:25:46.960Z,33.0595,-116.5793333,9.87,0.81,ml,21,106,0.02632,0.23,ci,ci39201487,2020-05-15T14:29:31.831Z,"3km SE of Julian, CA",earthquake,0.47,0.62,0.059,9,automatic,ci,ci
2020-05-15T14:25:46.270Z,38.1878,-117.7385,4.4,2.5,ml,10,155.73,0.5,0.02,nn,nn00725412,2020-05-15T14:30:06.365Z,"46km WNW of Tonopah, Nevada",earthquake,,8.5,,,automatic,nn,nn
2020-05-15T14:22:14.580Z,38.1888,-118.2302,9.6,3,ml,12,74.93,0.208,0.22,nn,nn00725411,2020-05-15T15:08:51.040Z,"65km W of Tonopah, Nevada",earthquake,,1.6,,,automatic,nn,nn
2020-05-15T14:21:01.040Z,33.6393333,-116.6933333,13.54,0.56,ml,16,63,0.03369,0.09,ci,ci39201471,2020-05-15T15:53:20.362Z,"10km N of Anza, CA",earthquake,0.27,0.43,0.101,5,reviewed,ci,ci
2020-05-15T14:20:23.640Z,17.8213,-66.8568,2,2.94,md,21,232,0.1554,0.38,pr,pr2020136001,2020-05-15T17:16:42.040Z,"26km SSE of Guanica, Puerto Rico",earthquake,0.96,1.1,0.25,18,reviewed,pr,pr
2020-05-15T14:20:00.465Z,62.8305,-150.2059,79.3,1.3,ml,,,,0.94,ak,ak020695jk0w,2020-05-15T14:26:36.197Z,"56km N of Talkeetna, Alaska",earthquake,,0.7,,,automatic,ak,ak
2020-05-15T14:19:41.070Z,19.3869991,-155.3388367,-0.37,2.41,ml,20,83,0.0144,0.33,hv,hv71514432,2020-05-15T14:25:15.270Z,"11km WSW of Volcano, Hawaii",earthquake,0.9,0.56,1.89,21,automatic,hv,hv
2020-05-15T14:19:32.410Z,19.4169998,-155.6080017,-2.76,2.8,ml,46,94,0.02331,0.3,hv,hv71514427,2020-05-15T14:25:06.270Z,"27km E of Honaunau-Napoopoo, Hawaii",earthquake,0.41,0.31,3.22,37,automatic,hv,hv
2020-05-15T14:19:14.484Z,66.4993,-142.4741,0.5,1.3,ml,,,,0.26,ak,ak020695jdcq,2020-05-15T14:22:44.135Z,"103km NE of Circle, Alaska",earthquake,,0.5,,,automatic,ak,ak
2020-05-15T14:19:11.820Z,38.1472,-117.9845,7.2,2.2,ml,13,124.79,0.313,0.08,nn,nn00725408,2020-05-15T14:23:25.727Z,"66km W of Tonopah, Nevada",earthquake,,10.7,,,automatic,nn,nn
2020-05-15T14:17:12.550Z,33.6441667,-118.2355,1.12,2.08,ml,27,98,0.08384,0.28,ci,ci39201447,2020-05-15T16:06:54.457Z,"12km SSE of San Pedro, CA",earthquake,0.34,0.73,0.13,86,reviewed,ci,ci
2020-05-15T14:12:05.385Z,-6.4689,128.2628,321.59,4.8,mb,,68,3.366,0.91,us,us70009gr1,2020-05-15T14:26:26.040Z,"Banda Sea",earthquake,8.3,7.6,0.079,49,reviewed,us,us
2020-05-15T14:10:49.180Z,38.1522,-117.9148,7.4,2.5,ml,8,142.02,0.391,0.27,nn,nn00725407,2020-05-15T14:20:25.776Z,"60km W of Tonopah, Nevada",earthquake,,24.3,,,automatic,nn,nn
2020-05-15T14:10:44.430Z,32.7865,-116.0725,12.45,1.3,ml,11,97,0.02146,0.26,ci,ci39201439,2020-05-15T14:14:29.294Z,"9km NW of Ocotillo, CA",earthquake,0.67,1.02,0.452,12,automatic,ci,ci
2020-05-15T14:09:52.730Z,33.0133333,-116.0116667,3.18,1.38,ml,28,60,0.1311,0.24,ci,ci39201431,2020-05-15T14:13:34.290Z,"18km SE of Ocotillo Wells, CA",earthquake,0.43,1.05,0.159,28,automatic,ci,ci
2020-05-15T14:09:27.990Z,38.171,-117.9575,7.1,3,ml,26,63.06,0.29,0.17,nn,nn00725402,2020-05-15T17:14:59.030Z,"64km W of Tonopah, Nevada",earthquake,,16.2,,,automatic,nn,nn
2020-05-15T14:07:46.590Z,18.038,-66.792,13,3.12,md,20,94,0.1075,0.18,pr,pr2020136000,2020-05-15T17:05:32.824Z,"2km N of Guayanilla, Puerto Rico",earthquake,0.47,0.42,0.22,14,reviewed,pr,pr
2020-05-15T14:04:07.290Z,38.2193,-117.7988,0,3.2,ml,25,144.82,0.349,0.09,nn,nn00725400,2020-05-15T14:10:49.154Z,"52km WNW of Tonopah, Nevada",earthquake,,6.3,,,automatic,nn,nn
2020-05-15T14:00:45.330Z,37.3598,-117.3792,13.2,3,ml,11,146.8,0.125,0.18,nn,nn00725399,2020-05-15T14:04:54.523Z,"40km SSW of Goldfield, Nevada",earthquake,,1.2,,,automatic,nn,nn
2020-05-15T14:00:43.020Z,38.724,-118.866,1.5,3.1,ml,11,174.12,0.926,0.17,nn,nn00725398,2020-05-15T17:14:17.116Z,"68km SE of Hawthorne, Nevada",earthquake,,8.5,,,automatic,nn,nn
2020-05-15T13:59:41.240Z,37.433,-117.181,1.7,1.9,ml,6,170.89,0.116,0.14,nn,nn00725394,2020-05-15T14:03:25.192Z,"30km S of Goldfield, Nevada",earthquake,,12.7,,,automatic,nn,nn
2020-05-15T13:58:03.940Z,38.1602,-117.9043,7.5,2.8,ml,18,83.29,0.473,0.27,nn,nn00725393,2020-05-15T14:02:07.696Z,"60km W of Tonopah, Nevada",earthquake,,3.2,,,automatic,nn,nn
2020-05-15T13:51:37.148Z,38.1733,-117.9536,5.9,4.3,ml,14,90.3,0.304,0.1687,nn,nn00725387,2020-05-15T16:52:22.230Z,"64km W of Tonopah, Nevada",earthquake,,3,0.49,7,reviewed,nn,nn
2020-05-15T13:51:36.893Z,38.1734,-118.0509,10,3.8,mb,,45,0.271,0.92,us,us70009gpz,2020-05-15T17:33:55.040Z,"63km SE of Hawthorne, Nevada",earthquake,1.8,2,0.293,3,reviewed,us,us
2020-05-15T13:47:15.830Z,38.8165016,-122.8243332,2.07,1.46,md,26,61,0.01065,0.03,nc,nc73385630,2020-05-15T14:11:03.871Z,"7km NW of The Geysers, CA",earthquake,0.21,0.35,0.14,7,automatic,nc,nc
2020-05-15T13:47:13.020Z,37.5443,-117.2482,6.9,2.4,ml,7,290.96,0.158,0.26,nn,nn00725384,2020-05-15T13:52:45.200Z,"18km S of Goldfield, Nevada",earthquake,,23.5,,,automatic,nn,nn
2020-05-15T13:45:45.920Z,38.1885,-117.7623,5.6,3.5,ml,26,49.23,0.391,0.2,nn,nn00725380,2020-05-15T15:54:55.182Z,"48km WNW of Tonopah, Nevada",earthquake,,18.8,,,automatic,nn,nn
2020-05-15T13:43:22.670Z,38.1475,-117.945,0.7,2.8,ml,17,94.93,0.321,0.16,nn,nn00725379,2020-05-15T13:47:07.278Z,"63km W of Tonopah, Nevada",earthquake,,13.3,,,automatic,nn,nn
2020-05-15T13:40:34.970Z,34.0346667,-117.6008333,3.06,1.41,ml,33,33,0.04427,0.19,ci,ci39201399,2020-05-15T15:05:30.010Z,"3km SE of Ontario, CA",earthquake,0.26,0.35,0.193,33,reviewed,ci,ci
2020-05-15T13:40:16.520Z,38.1798,-117.868,10.3,3,ml,8,120.01,0.501,0.09,nn,nn00725376,2020-05-15T13:43:40.683Z,"57km WNW of Tonopah, Nevada",earthquake,,2.6,,,automatic,nn,nn
2020-05-15T13:39:04.234Z,38.1486,-117.9624,7.5,3.8,ml,18,47.45,0.322,0.1742,nn,nn00725373,2020-05-15T17:29:11.335Z,"65km W of Tonopah, Nevada",earthquake,,5.8,0.35,8,reviewed,nn,nn
2020-05-15T13:35:24.801Z,38.2226,-117.7807,7.3,4.2,ml,14,47.84,0.362,0.1107,nn,nn00725367,2020-05-15T17:09:33.704Z,"53km WNW of Tonopah, Nevada",earthquake,,2.9,0.36,6,reviewed,nn,nn
2020-05-15T13:32:42.010Z,38.027,-116.7347,2.1,3,ml,7,137.92,0.958,0.06,nn,nn00725366,2020-05-15T13:36:44.778Z,"36km WSW of Warm Springs, Nevada",earthquake,,9.7,,,automatic,nn,nn
2020-05-15T13:32:12.530Z,37.9022,-117.251,11.7,3,ml,13,130.96,1.053,0.27,nn,nn00725362,2020-05-15T13:35:26.796Z,"18km S of Tonopah, Nevada",earthquake,,1.1,,,automatic,nn,nn
2020-05-15T13:32:02.850Z,38.1673,-117.8487,2.1,2.9,ml,13,113.19,0.348,0.06,nn,nn00725363,2020-05-15T13:48:45.447Z,"55km WNW of Tonopah, Nevada",earthquake,,0.9,,,automatic,nn,nn
2020-05-15T13:28:16.610Z,38.1808,-117.9453,1.7,3.3,ml,17,89.95,0.292,0.15,nn,nn00725360,2020-05-15T16:07:26.935Z,"63km WNW of Tonopah, Nevada",earthquake,,13.5,,,automatic,nn,nn
2020-05-15T13:26:50.570Z,35.6833333,-117.598,7.78,0.81,ml,7,141,0.1245,0.19,ci,ci39201367,2020-05-15T13:31:09.017Z,"10km NE of Ridgecrest, CA",earthquake,0.64,2.34,0.047,6,automatic,ci,ci
2020-05-15T13:24:43.420Z,38.2408,-117.8563,14.3,3.2,ml,9,124.41,0.788,0.04,nn,nn00725359,2020-05-15T13:33:54.040Z,"55km WNW of Tonopah, Nevada",earthquake,,1.2,,,automatic,nn,nn
2020-05-15T13:21:42.100Z,38.182,-117.897,5.3,2.8,ml,16,154.83,0.314,0.1,nn,nn00725357,2020-05-15T13:26:08.000Z,"59km WNW of Tonopah, Nevada",earthquake,,11.8,,,automatic,nn,nn
2020-05-15T13:19:14.740Z,37.3812,-117.1812,4.8,2.3,ml,11,279.44,0.119,0.3,nn,nn00725354,2020-05-15T13:39:30.165Z,"36km S of Goldfield, Nevada",earthquake,,13.6,,,automatic,nn,nn
2020-05-15T13:17:10.710Z,38.161,-117.8625,6.4,2.6,ml,21,93.27,0.336,0.18,nn,nn00725352,2020-05-15T17:03:39.142Z,"56km W of Tonopah, Nevada",earthquake,,17,,,automatic,nn,nn
2020-05-15T13:14:43.520Z,19.3686676,-155.4880066,8.2,1.84,md,44,39,0.07047,0.19,hv,hv71514342,2020-05-15T13:17:49.300Z,"18km N of Pahala, Hawaii",earthquake,0.34,0.75,0.19,28,automatic,hv,hv
2020-05-15T13:09:55.016Z,61.9494,-149.5089,32.3,1.6,ml,,,,0.67,ak,ak020694vvpo,2020-05-15T13:14:38.959Z,"27km NNW of Fishhook, Alaska",earthquake,,0.2,,,automatic,ak,ak
2020-05-15T13:07:23.230Z,19.1590004,-155.4748383,34.41,2.13,md,23,163,0.09179,0.15,hv,hv71514332,2020-05-15T13:10:41.260Z,"5km S of Pahala, Hawaii",earthquake,1.02,1.2,0.25,16,automatic,hv,hv
2020-05-15T13:07:19.520Z,19.2121658,-155.4003296,32.46,2.35,md,49,159,0.08123,0.12,hv,hv71514327,2020-05-15T13:10:34.070Z,"8km E of Pahala, Hawaii",earthquake,0.52,0.62,0.21,7,automatic,hv,hv
2020-05-15T13:06:50.410Z,35.7375,-117.53,9.47,1.15,ml,11,162,0.09544,0.13,ci,ci39201327,2020-05-15T15:05:26.718Z,"12km WSW of Searles Valley, CA",earthquake,0.49,0.85,0.164,10,reviewed,ci,ci
2020-05-15T13:02:12.301Z,38.1663,-117.7952,7.6,4.3,ml,14,46.68,0.389,0.167,nn,nn00725345,2020-05-15T15:42:33.740Z,"50km WNW of Tonopah, Nevada",earthquake,,2.4,0.33,6,reviewed,nn,nn
2020-05-15T13:00:56.680Z,38.1305,-117.9137,33.4,2.8,ml,13,172.17,0.527,0.24,nn,nn00725344,2020-05-15T13:04:27.371Z,"60km W of Tonopah, Nevada",earthquake,,21.4,,,automatic,nn,nn
2020-05-15T12:58:56.990Z,35.6805,-117.5073333,9.19,1.56,ml,23,103,0.1007,0.17,ci,ci39201311,2020-05-15T15:06:35.630Z,"13km SW of Searles Valley, CA",earthquake,0.34,0.92,0.125,22,reviewed,ci,ci
2020-05-15T12:58:26.090Z,38.1893,-117.7477,1.1,3.2,ml,20,73.9,0.595,0.65,nn,nn00725343,2020-05-15T13:02:29.644Z,"47km WNW of Tonopah, Nevada",earthquake,,12,,,automatic,nn,nn
2020-05-15T12:54:19.170Z,38.144,-118.0207,0.8,3.3,ml,22,48.34,0.281,0.16,nn,nn00725341,2020-05-15T15:24:28.962Z,"65km SE of Hawthorne, Nevada",earthquake,,11.6,,,automatic,nn,nn
2020-05-15T12:53:18.967Z,60.0378,-151.5483,64.5,1.6,ml,,,,0.39,ak,ak020694jstn,2020-05-15T12:57:44.621Z,"33km NNE of Anchor Point, Alaska",earthquake,,1.2,,,automatic,ak,ak
2020-05-15T12:52:46.001Z,25.9883,62.2838,10,4.7,mb,,166,5.592,0.74,us,us70009gmw,2020-05-15T13:12:26.040Z,"76km W of Turbat, Pakistan",earthquake,7.7,2,0.08,47,reviewed,us,us
2020-05-15T12:50:31.570Z,37.6675,-117.3612,2.3,2.4,ml,9,291.66,0.146,0.31,nn,nn00725340,2020-05-15T12:55:45.603Z,"11km WSW of Goldfield, Nevada",earthquake,,4.4,,,automatic,nn,nn
2020-05-15T12:47:35.040Z,38.1297,-117.7303,9.4,3.7,ml,14,130.9,1.147,0.23,nn,nn00725337,2020-05-15T14:22:45.814Z,"50km WNW of Tonopah, Nevada",earthquake,,2.9,,,automatic,nn,nn
2020-05-15T12:45:06.950Z,38.185,-117.8512,0.3,3.1,ml,22,68.55,0.339,0.88,nn,nn00725335,2020-05-15T12:49:49.975Z,"56km WNW of Tonopah, Nevada",earthquake,,42.9,,,automatic,nn,nn
2020-05-15T12:42:04.450Z,38.1333,-118.0545,0,3.1,ml,20,134.48,0.359,0.72,nn,nn00725333,2020-05-15T12:46:09.112Z,"66km SE of Hawthorne, Nevada",earthquake,,20.2,,,automatic,nn,nn
2020-05-15T12:39:18.650Z,38.1835,-117.8487,7.3,2.7,ml,9,103.4,0.807,0.44,nn,nn00725331,2020-05-15T12:43:45.067Z,"55km WNW of Tonopah, Nevada",earthquake,,4.9,,,automatic,nn,nn
2020-05-15T12:31:37.340Z,38.1818,-117.8487,13,3,ml,13,181.38,0.391,0.14,nn,nn00725328,2020-05-15T17:14:42.450Z,"55km WNW of Tonopah, Nevada",earthquake,,12.2,,,automatic,nn,nn
2020-05-15T12:18:28.490Z,35.8603333,-117.7001667,2.4,1.25,ml,13,72,0.07372,0.17,ci,ci39201287,2020-05-15T12:21:58.559Z,"20km ESE of Little Lake, CA",earthquake,0.25,0.45,0.151,9,automatic,ci,ci
2020-05-15T12:13:56.750Z,38.1733,-117.8833,0.6,3,ml,7,205.51,0.962,0.23,nn,nn00725327,2020-05-15T14:13:01.540Z,"58km WNW of Tonopah, Nevada",earthquake,,15.6,,,automatic,nn,nn
2020-05-15T12:12:43.110Z,38.2353,-117.9472,0,3.1,ml,13,123.08,0.248,0.63,nn,nn00725325,2020-05-15T12:17:27.234Z,"65km WNW of Tonopah, Nevada",earthquake,,47.6,,,automatic,nn,nn
2020-05-15T12:10:27.090Z,38.0887,-117.8942,25.1,3.4,ml,18,167.91,0.921,0.21,nn,nn00725323,2020-05-15T12:14:48.288Z,"58km W of Tonopah, Nevada",earthquake,,1.5,,,automatic,nn,nn
2020-05-15T12:09:50.976Z,66.2588,-157.0827,3.1,1.5,ml,,,,0.72,ak,ak020694afsr,2020-05-15T12:15:45.105Z,"72km S of Kobuk, Alaska",earthquake,,0.3,,,automatic,ak,ak
2020-05-15T12:07:18.730Z,37.4892,-117.2217,9,1.9,ml,5,330.44,0.744,0.15,nn,nn00725322,2020-05-15T12:24:54.193Z,"24km S of Goldfield, Nevada",earthquake,,14.9,,,automatic,nn,nn
2020-05-15T12:06:31.321Z,66.2688,-156.9687,0,2,ml,,,,0.49,ak,ak0206949r58,2020-05-15T12:12:22.954Z,"71km S of Kobuk, Alaska",earthquake,,0.3,,,automatic,ak,ak
2020-05-15T12:06:12.351Z,61.9693,-151.4091,71.5,1.6,ml,,,,0.36,ak,ak0206949po2,2020-05-15T12:10:41.695Z,"76km WNW of Willow, Alaska",earthquake,,0.5,,,automatic,ak,ak
2020-05-15T12:04:27.120Z,37.985,-116.9792,2.5,3.2,ml,3,293.75,1.06,0.25,nn,nn00725320,2020-05-15T14:17:56.955Z,"23km ESE of Tonopah, Nevada",earthquake,,20,,,automatic,nn,nn
2020-05-15T12:03:32.278Z,38.1642,-117.8674,9.3,2.8,ml,9,95.61,0.351,0.1525,nn,nn00725321,2020-05-15T17:23:55.040Z,"58km WNW of Tonopah, Nevada",earthquake,,3.1,0.35,4,reviewed,nn,nn
2020-05-15T12:00:41.572Z,38.1667,-117.8104,6.3,4.5,ml,17,47.15,0.38,0.1735,nn,nn00725312,2020-05-15T17:40:37.012Z,"48km WNW of Tonopah, Nevada",earthquake,,2.8,0.33,9,reviewed,nn,nn
2020-05-15T11:58:29.532Z,38.1469,-117.8715,6.9,3.8,ml,12,47.31,0.363,0.2327,nn,nn00725311,2020-05-15T16:16:50.150Z,"58km W of Tonopah, Nevada",earthquake,,2.1,0.43,6,reviewed,nn,nn
2020-05-15T11:57:01.830Z,38.1998,-117.8393,9.8,3.1,ml,11,113.67,0.776,0.3,nn,nn00725310,2020-05-15T13:17:49.340Z,"55km WNW of Tonopah, Nevada",earthquake,,5.5,,,automatic,nn,nn
2020-05-15T11:52:07.184Z,38.1469,-117.9831,5.8,4.8,ml,17,43.51,0.316,0.1775,nn,nn00725306,2020-05-15T17:02:47.918Z,"59km WNW of Tonopah, Nevada",earthquake,,2,0.4,8,reviewed,nn,nn
2020-05-15T11:47:40.730Z,38.1752,-117.7945,12.7,3.1,ml,10,165.66,0.583,0.25,nn,nn00725303,2020-05-15T13:48:24.905Z,"53km WNW of Tonopah, Nevada",earthquake,,3.2,,,automatic,nn,nn
2020-05-15T11:45:44.080Z,38.7257,-118.8478,14.5,3,ml,6,170.93,1.083,0.21,nn,nn00725302,2020-05-15T17:31:47.356Z,"29km NW of Hawthorne, Nevada",earthquake,,17.6,,,automatic,nn,nn
2020-05-15T11:45:28.500Z,38.1403,-117.9761,11.7,3.5,ml,16,88.33,0.325,0.2738,nn,nn00725300,2020-05-15T14:46:03.220Z,"65km W of Tonopah, Nevada",earthquake,,4.6,0.52,10,reviewed,nn,nn
2020-05-15T11:40:16.460Z,38.0703,-118.0958,10.5,3.4,ml,9,172.2,0.9,0.23,nn,nn00725299,2020-05-15T13:10:26.400Z,"67km SE of Hawthorne, Nevada",earthquake,,2.4,,,automatic,nn,nn
2020-05-15T11:34:45.650Z,19.1875,-155.3845062,33.23,2,md,43,166,0.05123,0.14,hv,hv71514237,2020-05-15T11:38:05.360Z,"10km E of Pahala, Hawaii",earthquake,0.56,0.76,0.15,12,automatic,hv,hv
2020-05-15T11:32:24.694Z,63.0042,-150.9069,123.5,2.6,ml,,,,0.46,ak,ak020693tu5r,2020-05-15T11:41:34.292Z,"86km NNW of Talkeetna, Alaska",earthquake,,0.7,,,automatic,ak,ak
2020-05-15T11:31:49.162Z,64.8505,-147.5028,17.4,1.7,ml,,,,0.21,ak,ak020693tpsl,2020-05-15T11:34:50.562Z,"5km NNE of Badger, Alaska",earthquake,,0.2,,,automatic,ak,ak
2020-05-15T11:30:16.409Z,38.1337,-117.9888,5.5,4,ml,18,46.72,0.327,0.1651,nn,nn00725296,2020-05-15T15:52:47.969Z,"66km W of Tonopah, Nevada",earthquake,,2.9,0.43,9,reviewed,nn,nn
2020-05-15T11:30:07.099Z,36.3605,-98.1495,6.32,1.71,ml,46,82,0.04319152435,0.22,ok,ok2020jnnr,2020-05-15T12:44:12.887Z,"23km SSE of Helena, Oklahoma",earthquake,,0.5,0.18,21,reviewed,ok,ok
2020-05-15T11:26:02.019Z,38.1849,-117.894,5.8,5.1,ml,17,49.24,0.322,0.1761,nn,nn00725291,2020-05-15T17:28:37.040Z,"58km WNW of Tonopah, Nevada",earthquake,,6.2,0.24,7,reviewed,nn,nn
2020-05-15T11:25:42.783Z,38.1825,-117.9607,7.58,3.6,ml,,49,0.293,0.72,us,us70009gji,2020-05-15T13:37:52.594Z,"65km WNW of Tonopah, Nevada",earthquake,1.8,5.6,0.148,10,reviewed,us,us
2020-05-15T11:18:12.392Z,38.1596,-117.9598,3.8,4.9,ml,14,47.97,0.314,0.178,nn,nn00725284,2020-05-15T17:38:03.693Z,"62km W of Tonopah, Nevada",earthquake,,4.3,0.43,6,reviewed,nn,nn
2020-05-15T11:17:25.223Z,38.1075,-118.1567,7.99,4.6,ml,,185,0.309,1.28,us,us70009gj9,2020-05-15T13:58:48.361Z,"61km SE of Hawthorne, Nevada",earthquake,6.5,5.9,0.046,62,reviewed,us,us
2020-05-15T11:17:22.243Z,38.162,-117.9225,5,3.8,ml,14,48.11,0.327,0.2507,nn,nn00725330,2020-05-15T14:13:49.484Z,"61km W of Tonopah, Nevada",earthquake,,10.7,0.37,5,reviewed,nn,nn
2020-05-15T11:12:37.268Z,38.2029,-117.8787,6.7,4,ml,13,83.09,0.316,0.2601,nn,nn00725279,2020-05-15T16:48:49.475Z,"56km WNW of Tonopah, Nevada",earthquake,,3.6,0.25,3,reviewed,nn,nn
2020-05-15T11:11:06.560Z,19.1690006,-155.4813385,34.28,2.07,md,51,93,0.02265,0.12,hv,hv71514207,2020-05-15T11:14:19.720Z,"4km S of Pahala, Hawaii",earthquake,0.45,0.73,0.21,22,automatic,hv,hv
2020-05-15T11:09:08.210Z,38.6698,-117.2957,2.7,3.8,ml,7,195.35,1.856,0.22,nn,nn00725277,2020-05-15T12:36:56.804Z,"58km ESE of Gabbs, Nevada",earthquake,,19.9,,,automatic,nn,nn
2020-05-15T11:08:14.836Z,66.2559,-157.1727,0,1.8,ml,,,,0.73,ak,ak020693opnv,2020-05-15T11:13:34.634Z,"73km S of Kobuk, Alaska",earthquake,,0.3,,,automatic,ak,ak
2020-05-15T11:03:27.354Z,38.1589,-117.8749,2.8,6.5,ml,29,54.93,0.352,0.1847,nn,nn00725272,2020-05-15T17:46:08.463Z,"56km W of Tonopah, Nevada",earthquake,1.31,1.8,0.18,6,reviewed,nn,nn
2020-05-15T10:58:31.589Z,36.36266667,-98.14933333,6.67,2.58,ml,97,67,0,0.22,ok,ok2020jnmq,2020-05-15T12:39:26.354Z,"23km SSE of Helena, Oklahoma",earthquake,,0.4,0.22,45,reviewed,ok,ok
2020-05-15T10:55:16.150Z,38.8361664,-122.7850037,1.56,0.56,md,9,73,0.004734,0.01,nc,nc73385225,2020-05-15T11:10:05.165Z,"6km WNW of Cobb, CA",earthquake,0.42,1.16,,1,automatic,nc,nc
2020-05-15T10:50:44.543Z,-21.6255,-179.333,601.71,5.3,mww,,36,4.579,0.77,us,us70009gii,2020-05-15T11:07:16.040Z,"126km SSW of Ndoi Island, Fiji",earthquake,8.2,7.4,0.098,10,reviewed,us,us
2020-05-15T10:46:19.170Z,33.0073333,-116.0203333,1.59,0.99,ml,20,69,0.1276,0.27,ci,ci39201031,2020-05-15T10:50:02.837Z,"18km SE of Ocotillo Wells, CA",earthquake,0.52,0.87,0.2,13,automatic,ci,ci
2020-05-15T10:44:32.000Z,32.9431667,-116.2711667,7.6,0.76,ml,18,132,0.02939,0.23,ci,ci39201023,2020-05-15T10:48:17.827Z,"26km SSW of Ocotillo Wells, CA",earthquake,0.5,0.7,0.144,9,automatic,ci,ci
2020-05-15T10:42:11.035Z,61.3253,-146.8117,14.9,1.8,ml,,,,0.81,ak,ak020693ak4u,2020-05-15T10:49:37.216Z,"33km NW of Valdez, Alaska",earthquake,,0.3,,,automatic,ak,ak
2020-05-15T10:32:38.020Z,46.8546666666667,-121.761,1.47,0.26,ml,9,84,0.02226,0.04,uw,uw61614707,2020-05-15T16:04:47.770Z,"28km NNW of Packwood, Washington",earthquake,0.28,0.48,0.317116163525947,6,reviewed,uw,uw
2020-05-15T10:29:09.740Z,38.8151665,-122.8253326,2.39,0.56,md,9,91,0.00697,0.02,nc,nc73385215,2020-05-15T12:52:02.997Z,"7km NW of The Geysers, CA",earthquake,0.5,1.46,,1,automatic,nc,nc
2020-05-15T10:16:25.070Z,19.2206669,-155.4185028,30.76,2.15,ml,40,137,0.02597,0.17,hv,hv71514112,2020-05-15T10:21:58.970Z,"6km ENE of Pahala, Hawaii",earthquake,0.55,0.81,0.26,7,automatic,hv,hv
2020-05-15T10:15:32.630Z,36.361,-98.15233333,7.18,1.65,ml,74,67,0.0413918775,0.19,ok,ok2020jnlf,2020-05-15T13:25:12.429Z,"23km SSE of Helena, Oklahoma",earthquake,,0.4,0.24,32,reviewed,ok,ok
2020-05-15T10:12:10.494Z,66.3363,-157.3952,10.1,1.1,ml,,,,0.64,ak,ak02069344m1,2020-05-15T10:14:58.912Z,"67km SSW of Kobuk, Alaska",earthquake,,0.3,,,automatic,ak,ak
2020-05-15T10:06:33.450Z,36.853,-116.2638,15.5,0.2,ml,14,74.58,0.052,0.09,nn,nn00725269,2020-05-15T10:09:45.879Z,"44km E of Beatty, Nevada",earthquake,,1.2,,,automatic,nn,nn
2020-05-15T10:00:45.490Z,38.8180008,-122.7801666,1.69,1.09,md,28,32,0.004752,0.04,nc,nc73385205,2020-05-15T12:25:02.836Z,"5km W of Cobb, CA",earthquake,0.19,0.31,0.17,6,automatic,nc,nc
2020-05-15T09:58:30.880Z,19.5191669,-156.3673401,9.02,2.89,ml,51,237,0.5276,0.22,hv,hv71514072,2020-05-15T10:12:57.040Z,"45km WSW of Kailua-Kona, Hawaii",earthquake,1.61,2.27,3.34,13,automatic,hv,hv
2020-05-15T09:55:38.150Z,33.3225,-116.3233333,8.39,0.97,ml,32,99,0.04139,0.18,ci,ci39201015,2020-05-15T15:06:29.021Z,"9km NNE of Borrego Springs, CA",earthquake,0.28,0.69,0.105,21,reviewed,ci,ci
2020-05-15T09:54:18.860Z,38.8103333,-122.8248367,1.98,0.93,md,22,61,0.003694,0.02,nc,nc73385200,2020-05-15T12:12:03.943Z,"7km WNW of The Geysers, CA",earthquake,0.2,0.45,0.05,5,automatic,nc,nc
2020-05-15T09:48:47.170Z,19.2684994,-155.3195038,34.58,1.87,md,48,148,0.02985,0.12,hv,hv71514052,2020-05-15T09:52:56.290Z,"18km ENE of Pahala, Hawaii",earthquake,0.47,0.57,0.21,14,automatic,hv,hv
2020-05-15T09:47:47.630Z,46.6186666666667,-119.467166666667,15.16,0.62,ml,14,115,0.02113,0.07,uw,uw61614692,2020-05-15T15:56:00.720Z,"24km W of Basin City, Washington",earthquake,0.28,0.47,0.0922207844100724,9,reviewed,uw,uw
2020-05-15T09:47:41.009Z,36.37016667,-98.15083333,6.43,1.7,ml,96,68,0.04859046489,0.27,ok,ok2020jnkh,2020-05-15T13:28:35.067Z,"22km SSE of Helena, Oklahoma",earthquake,,0.4,0.14,13,reviewed,ok,ok
2020-05-15T09:43:39.800Z,35.6443333,-117.4456667,6.1,1.39,ml,19,119,0.05926,0.21,ci,ci39201007,2020-05-15T09:47:11.436Z,"14km SSW of Searles Valley, CA",earthquake,0.56,1.13,0.122,17,automatic,ci,ci
2020-05-15T09:42:42.620Z,19.2316666,-155.4123383,32.45,1.84,md,46,145,0.01517,0.13,hv,hv71514037,2020-05-15T09:45:51.320Z,"7km ENE of Pahala, Hawaii",earthquake,0.52,0.67,0.02,4,automatic,hv,hv
2020-05-15T09:41:48.210Z,40.7076667,-111.9181667,8.86,0.99,ml,15,96,0.09019,0.12,uu,uu60386152,2020-05-15T16:56:25.100Z,"2km WSW of South Salt Lake, Utah",earthquake,0.45,1.11,0.331,2,reviewed,uu,uu
2020-05-15T09:41:12.210Z,35.624,-84.5436667,19.02,1.48,md,6,176,0.1441,0.03,se,se60106123,2020-05-15T12:45:10.430Z,"7km WNW of Sweetwater, Tennessee",earthquake,0.3,0.89,0.066,4,reviewed,se,se
2020-05-15T09:39:16.530Z,19.2101669,-155.4373322,36.77,1.81,md,47,129,0.04643,0.11,hv,hv71514032,2020-05-15T09:42:27.120Z,"4km E of Pahala, Hawaii",earthquake,0.64,0.72,0.05,3,automatic,hv,hv
2020-05-15T09:34:12.690Z,36.982,-116.1067,7.9,0,ml,8,136.13,0.126,0.1,nn,nn00725268,2020-05-15T10:07:24.920Z,"58km E of Beatty, Nevada",earthquake,,2.6,,,automatic,nn,nn
2020-05-15T09:33:48.509Z,36.46883333,-98.7495,8.22,1.16,ml,30,102,0.01079788109,0.08,ok,ok2020jnjv,2020-05-15T13:29:45.184Z,"32km NW of Fairview, Oklahoma",earthquake,,0.2,0.13,9,reviewed,ok,ok
2020-05-15T09:32:24.810Z,19.2036667,-155.4106598,31.2,1.73,md,38,167,0.03588,0.1,hv,hv71514017,2020-05-15T09:35:23.080Z,"7km E of Pahala, Hawaii",earthquake,0.5,0.8,0.11,4,automatic,hv,hv
2020-05-15T09:31:28.229Z,60.7484,-150.6789,61.5,0.9,ml,,,,0.31,ak,ak020692msza,2020-05-15T09:44:42.717Z,"23km N of Sterling, Alaska",earthquake,,1.6,,,automatic,ak,ak
2020-05-15T09:26:33.689Z,36.36133333,-98.151,7.21,2.12,ml,83,45,0,0.2,ok,ok2020jnjo,2020-05-15T13:02:52.071Z,"23km SSE of Helena, Oklahoma",earthquake,,0.4,0.22,36,reviewed,ok,ok
2020-05-15T09:24:50.140Z,33.888,-117.9983333,7.47,1.2,ml,24,81,0.03707,0.26,ci,ci39200999,2020-05-15T09:28:28.721Z,"2km N of Buena Park, CA",earthquake,0.49,0.87,0.212,32,automatic,ci,ci
2020-05-15T09:24:03.890Z,38.7985001,-122.8233337,13.59,0.62,md,8,117,0.01132,0.12,nc,nc73385185,2020-05-15T11:18:03.212Z,"6km WNW of The Geysers, CA",earthquake,2.45,3.62,,1,automatic,nc,nc
2020-05-15T09:12:58.685Z,66.307,-157.2306,0.8,1.3,ml,,,,0.63,ak,ak020692isq4,2020-05-15T09:16:56.809Z,"68km SSW of Kobuk, Alaska",earthquake,,0.6,,,automatic,ak,ak
2020-05-15T09:07:24.850Z,33.0153333,-116.0255,3.35,2,ml,46,31,0.1366,0.31,ci,ci39200991,2020-05-15T09:18:33.620Z,"17km SE of Ocotillo Wells, CA",earthquake,0.41,2.24,0.184,26,automatic,ci,ci
2020-05-15T09:05:59.142Z,18.6494,-67.9765,10,2.8,ml,,181,0.84,0.49,us,us70009ghs,2020-05-15T09:27:56.040Z,"45km E of Punta Cana, Dominican Republic",earthquake,6.9,2,0.065,31,reviewed,us,us
2020-05-15T08:59:17.760Z,46.8935,-112.5176667,13.85,1.2,ml,12,116,0.113,0.07,mb,mb80422379,2020-05-15T17:03:50.630Z,"14km ESE of Lincoln, Montana",earthquake,0.33,0.49,0.238,3,reviewed,mb,mb
2020-05-15T08:57:58.030Z,36.87133333,-97.45266667,7.54,1.99,ml,56,95,0,0.22,ok,ok2020jnir,2020-05-15T13:07:12.182Z,"16km WNW of Blackwell, Oklahoma",earthquake,,0.7,0.23,27,reviewed,ok,ok
2020-05-15T08:52:07.330Z,35.7103333,-117.5526667,9.25,1,ml,18,150,0.1113,0.18,ci,ci39200983,2020-05-15T15:06:53.024Z,"15km WSW of Searles Valley, CA",earthquake,0.4,1.1,0.144,10,reviewed,ci,ci
2020-05-15T08:51:05.200Z,33.4978333,-116.4946667,9.62,0.46,ml,16,61,0.0668,0.09,ci,ci39200975,2020-05-15T15:07:28.025Z,"18km ESE of Anza, CA",earthquake,0.2,0.55,0.254,7,reviewed,ci,ci
2020-05-15T08:48:53.180Z,35.8706667,-117.6781667,3.47,0.29,ml,6,88,0.0803,0.13,ci,ci39200967,2020-05-15T08:52:26.368Z,"22km ESE of Little Lake, CA",earthquake,0.38,4.23,0.083,4,automatic,ci,ci
2020-05-15T08:34:32.338Z,63.1265,-150.4802,100.9,1.6,ml,,,,0.66,ak,ak02069220u1,2020-05-15T08:38:38.905Z,"82km WSW of Cantwell, Alaska",earthquake,,0.8,,,automatic,ak,ak
2020-05-15T08:31:26.890Z,46.854,-121.7605,1.29,0.17,ml,9,85,0.0225,0.06,uw,uw61614682,2020-05-15T16:25:42.570Z,"28km NNW of Packwood, Washington",earthquake,0.4,1.03,0.145684321522876,5,reviewed,uw,uw
2020-05-15T08:25:54.900Z,44.4968333,-110.5976667,3.98,1.75,ml,21,50,0.06022,0.11,uu,uu60386147,2020-05-15T16:12:13.640Z,"18km ENE of Old Faithful Geyser, Wyoming",earthquake,0.25,0.49,0.412,3,reviewed,uu,uu
2020-05-15T08:21:05.530Z,19.2150002,-155.1821594,31.52,2.48,ml,53,199,0.07715,0.13,hv,hv71513927,2020-05-15T08:32:10.040Z,"26km SSE of Volcano, Hawaii",earthquake,0.53,0.42,3.06,31,automatic,hv,hv
2020-05-15T08:21:00.730Z,36.456,-117.9775,6.4,2.58,ml,24,82,0.08432,0.19,ci,ci39200959,2020-05-15T16:25:02.186Z,"17km SSE of Lone Pine, CA",earthquake,0.38,1.02,0.132,25,automatic,ci,ci
2020-05-15T08:15:22.200Z,48.6068333333333,-123.106666666667,13.27,3,ml,26,80,0.0871,0.23,uw,uw61614672,2020-05-15T17:35:52.676Z,"10km NW of Friday Harbor, Washington",earthquake,0.36,0.93,0.185939698027842,18,reviewed,uw,uw
2020-05-15T08:12:12.730Z,33.368,-116.435,10.98,1.08,ml,38,47,0.1006,0.2,ci,ci39200951,2020-05-15T15:08:13.035Z,"14km NNW of Borrego Springs, CA",earthquake,0.26,0.49,0.16,26,reviewed,ci,ci
2020-05-15T08:11:24.800Z,35.6728333,-117.476,4.52,1.03,ml,12,167,0.08688,0.16,ci,ci39200943,2020-05-15T15:09:28.043Z,"12km SSW of Searles Valley, CA",earthquake,0.65,0.97,0.122,10,reviewed,ci,ci
2020-05-15T08:06:23.040Z,33.2915,-116.1596667,3.17,1.41,ml,45,44,0.1263,0.22,ci,ci39200935,2020-05-15T08:17:12.830Z,"17km N of Ocotillo Wells, CA",earthquake,0.27,1.05,0.153,27,automatic,ci,ci
2020-05-15T07:55:11.850Z,36.4675,-117.9853333,7.64,1.75,ml,17,169,0.08127,0.22,ci,ci39200927,2020-05-15T08:21:42.493Z,"15km SSE of Lone Pine, CA",earthquake,0.49,1.28,0.142,20,automatic,ci,ci
2020-05-15T07:37:27.601Z,60.2691,-153.8207,188.4,2,ml,,,,0.62,ak,ak020691h81x,2020-05-15T07:51:58.040Z,"57km WSW of Redoubt Volcano, Alaska",earthquake,,0.5,,,automatic,ak,ak
2020-05-15T07:19:56.120Z,34.1951667,-118.5621667,0.86,1.42,ml,9,174,0.1258,0.2,ci,ci39200919,2020-05-15T07:23:44.569Z,"3km NNW of Tarzana, CA",earthquake,0.88,1.45,0.308,32,automatic,ci,ci
2020-05-15T07:16:00.350Z,38.7605019,-122.7296677,2.02,1.64,md,25,107,0.003913,0.04,nc,nc73385145,2020-05-15T09:39:05.586Z,"3km SE of The Geysers, CA",earthquake,0.22,0.37,0.12,10,automatic,nc,nc
2020-05-15T07:06:49.120Z,36.8822,-115.7637,0,0.6,ml,12,269.4,0.251,0.12,nn,nn00725260,2020-05-15T07:56:25.414Z,"75km SW of Alamo, Nevada",earthquake,,8.5,,,automatic,nn,nn
2020-05-15T06:58:26.840Z,35.9635,-117.3513333,-0.05,1.35,ml,18,177,0.205,0.17,ci,ci39200911,2020-05-15T07:02:19.450Z,"22km N of Trona, CA",earthquake,0.55,31.61,0.144,14,automatic,ci,ci
2020-05-15T06:53:15.470Z,36.7102,-116.2395,2.6,0.1,ml,11,74.94,0.07,0.14,nn,nn00725256,2020-05-15T07:00:04.899Z,"51km ESE of Beatty, Nevada",earthquake,,10.1,,,automatic,nn,nn
2020-05-15T06:53:12.460Z,37.2483,-115.397,8.5,0.7,ml,5,184.62,0.309,0.06,nn,nn00725257,2020-05-15T07:00:12.418Z,"24km WSW of Alamo, Nevada",earthquake,,9.2,,,automatic,nn,nn
2020-05-15T06:51:22.053Z,50.5146,-175.8878,10,4.5,mb,,182,1.458,1.02,us,us70009ggr,2020-05-15T14:19:02.550Z,"161km SSE of Adak, Alaska",earthquake,5.9,1.9,0.063,75,reviewed,us,us
2020-05-15T06:42:06.360Z,61.122,-152.1206,94.5,1.7,ml,,,,0.78,ak,ak020690wti0,2020-05-15T06:45:42.982Z,"65km NW of Nikiski, Alaska",earthquake,,0.9,,,automatic,ak,ak
2020-05-15T06:34:54.330Z,35.9158333,-117.6698333,3.32,0.52,ml,8,79,0.03568,0.11,ci,ci39200903,2020-05-15T06:38:24.321Z,"22km E of Little Lake, CA",earthquake,0.6,1.55,0.076,5,automatic,ci,ci
2020-05-15T06:32:34.830Z,37.8412,-115.9067,1.7,1.1,ml,6,257.33,0.115,0.26,nn,nn00725255,2020-05-15T06:54:44.099Z,"56km SE of Warm Springs, Nevada",earthquake,,21.8,,,automatic,nn,nn
2020-05-15T06:30:55.770Z,38.8129997,-122.8241653,2.15,0.56,md,9,95,0.01319,0.01,nc,nc73385135,2020-05-15T06:45:07.524Z,"7km NW of The Geysers, CA",earthquake,0.32,1,,1,automatic,nc,nc
2020-05-15T06:23:48.346Z,62.8898,-150.247,30,1.1,ml,,,,1.53,ak,ak020690stzm,2020-05-15T06:27:28.984Z,"63km N of Talkeetna, Alaska",earthquake,,0.7,,,automatic,ak,ak
2020-05-15T06:22:22.650Z,32.9736667,-115.5395,5.48,1.31,ml,11,118,0.07362,0.25,ci,ci39200895,2020-05-15T06:26:04.235Z,"1km WSW of Brawley, CA",earthquake,0.65,1.12,0.152,13,automatic,ci,ci
2020-05-15T06:14:41.680Z,40.727,-112.0633333,7.51,0.72,md,18,77,0.02086,0.13,uu,uu60386132,2020-05-15T16:06:32.600Z,"3km ENE of Magna, Utah",earthquake,0.3,0.8,0.092,10,reviewed,uu,uu
2020-05-15T06:08:57.950Z,46.7548333333333,-121.931166666667,0.61,0.26,ml,6,261,0.08369,0.08,uw,uw61614647,2020-05-15T16:29:18.480Z,"25km NW of Packwood, Washington",earthquake,0.65,4.4,0.0734902557856532,3,reviewed,uw,uw
2020-05-15T06:02:19.449Z,36.87516667,-97.42933333,7.8,1.55,ml,69,103,0.1430719244,0.28,ok,ok2020jncw,2020-05-15T13:19:22.886Z,"15km WNW of Blackwell, Oklahoma",earthquake,,0.8,0.2,30,reviewed,ok,ok
2020-05-15T05:59:42.810Z,35.624,-117.4576667,7.23,0.74,ml,9,162,0.0376,0.18,ci,ci39200887,2020-05-15T15:10:13.045Z,"17km SSW of Searles Valley, CA",earthquake,1.61,0.95,0.063,6,reviewed,ci,ci
2020-05-15T05:59:34.110Z,33.4783333,-116.8043333,6.27,0.61,ml,33,49,0.03411,0.15,ci,ci39200879,2020-05-15T16:49:04.404Z,"7km NE of Aguanga, CA",earthquake,0.17,0.41,0.091,20,reviewed,ci,ci
2020-05-15T05:46:16.120Z,64.8647,-146.7947,20.4,0.7,ml,,,,0.15,ak,ak020690c9co,2020-05-15T05:50:39.237Z,"25km NNE of Eielson Air Force Base, Alaska",earthquake,,0.4,,,automatic,ak,ak
2020-05-15T05:41:20.230Z,18.8328342,-155.1968384,8.52,2.18,md,35,273,0.4074,0.12,hv,hv71513797,2020-05-15T05:44:48.830Z,"50km SE of Pahala, Hawaii",earthquake,1.14,0.58,0.21,7,automatic,hv,hv
2020-05-15T05:30:46.740Z,44.6665,-110.0021667,14.06,0.5,md,6,147,0.08682,0.06,uu,uu60386127,2020-05-15T17:21:40.900Z,"69km ENE of Old Faithful Geyser, Wyoming",earthquake,0.52,0.62,0.316,5,reviewed,uu,uu
2020-05-15T05:29:04.738Z,66.3053,-157.3128,1.5,1,ml,,,,0.53,ak,ak0206908lc8,2020-05-15T05:33:23.314Z,"69km SSW of Kobuk, Alaska",earthquake,,1,,,automatic,ak,ak
2020-05-15T05:26:08.988Z,66.2216,-157.1417,4.1,1.3,ml,,,,0.53,ak,ak0206907yhq,2020-05-15T05:39:56.637Z,"77km S of Kobuk, Alaska",earthquake,,0.3,,,automatic,ak,ak
2020-05-15T05:25:17.447Z,63.0523,-149.4154,70.4,1.4,ml,,,,0.75,ak,ak0206907rf0,2020-05-15T05:37:45.700Z,"44km SSW of Cantwell, Alaska",earthquake,,0.5,,,automatic,ak,ak
2020-05-15T05:16:40.140Z,38.8116684,-122.829834,1.3,0.56,md,11,96,0.002843,0.02,nc,nc73385115,2020-05-15T05:26:03.056Z,"7km WNW of The Geysers, CA",earthquake,0.32,0.6,,1,automatic,nc,nc
2020-05-15T05:10:07.650Z,37.605835,-118.9339981,4.85,0.56,md,11,200,0.01613,0.01,nc,nc73385110,2020-05-15T05:16:06.158Z,"5km SE of Mammoth Lakes, CA",earthquake,0.98,1.08,0.2,10,automatic,nc,nc
2020-05-15T05:07:58.320Z,33.0308333,-115.9915,11.36,1.03,ml,29,59,0.1448,0.16,ci,ci39200871,2020-05-15T16:33:25.621Z,"18km SE of Ocotillo Wells, CA",earthquake,0.2,0.55,0.122,12,reviewed,ci,ci
2020-05-15T05:02:27.625Z,61.3902,-148.3115,30.1,1.3,ml,,,,0.85,ak,ak0206902uqy,2020-05-15T05:05:15.745Z,"42km ESE of Butte, Alaska",earthquake,,0.2,,,automatic,ak,ak
2020-05-15T05:00:15.400Z,38.8351669,-122.8096695,1.85,1.23,md,26,42,0.01176,0.05,nc,nc73385100,2020-05-15T05:55:03.235Z,"8km W of Cobb, CA",earthquake,0.2,0.35,0.19,6,automatic,nc,nc
2020-05-15T04:58:10.330Z,34.9086667,-119.5633333,8.96,1.56,ml,23,56,0.09703,0.23,ci,ci39200799,2020-05-15T16:23:27.960Z,"22km SW of Maricopa, CA",earthquake,0.29,0.87,0.242,9,reviewed,ci,ci
2020-05-15T04:50:31.490Z,19.4078331,-155.2765045,0.08,1.7,md,21,59,0.01212,0.12,hv,hv71513752,2020-05-15T04:56:05.510Z,"4km WSW of Volcano, Hawaii",earthquake,0.14,0.18,0.19,13,automatic,hv,hv
2020-05-15T04:46:58.381Z,-3.9068,144.0389,67.87,4.4,mb,,242,6.279,0.83,us,us70009gg8,2020-05-15T05:05:10.040Z,"17km N of Angoram, Papua New Guinea",earthquake,14.2,13.2,0.12,20,reviewed,us,us
2020-05-15T04:46:42.370Z,38.8165016,-122.7750015,1.07,2.4,md,8,155,0.005495,0,nc,nc73385085,2020-05-15T08:31:02.168Z,"4km W of Cobb, CA",earthquake,0.63,0.67,,1,automatic,nc,nc
2020-05-15T04:46:28.240Z,38.8171654,-122.7716675,-0.92,2.27,md,14,108,0.008053,0.36,nc,nc73385080,2020-05-15T08:16:04.081Z,"4km W of Cobb, CA",earthquake,0.6,1.36,0.08,8,automatic,nc,nc
2020-05-15T04:38:16.690Z,47.7325,-124.1625,25.07,1.62,ml,16,160,0.01885,0.22,uw,uw61614627,2020-05-15T05:16:19.110Z,"29km SE of Forks, Washington",earthquake,0.53,0.94,0.153992491514189,8,reviewed,uw,uw
2020-05-15T04:30:15.630Z,38.8256683,-122.8553314,2.46,0.58,md,12,137,0.002227,0.01,nc,nc73385065,2020-05-15T04:41:02.767Z,"10km WNW of The Geysers, CA",earthquake,0.32,0.68,,1,automatic,nc,nc
2020-05-15T04:28:14.070Z,36.46333333,-98.75666667,8,1.73,ml,55,64,0.0188962919,0.12,ok,ok2020jmzt,2020-05-15T13:12:24.549Z,"32km NW of Fairview, Oklahoma",earthquake,,0.3,0.25,19,reviewed,ok,ok
2020-05-15T04:24:07.103Z,59.9062,-153.2959,129.3,1.9,ml,,,,1.06,ak,ak02068zm3ci,2020-05-15T04:29:28.207Z,"71km SSW of Redoubt Volcano, Alaska",earthquake,,0.4,,,automatic,ak,ak
2020-05-15T04:22:05.790Z,19.2101669,-155.4416656,37.19,2.58,ml,55,125,0.04981,0.13,hv,hv71513717,2020-05-15T04:35:03.002Z,"5km N of Pahala, Hawaii",earthquake,0.53,0.61,2.9,34,automatic,hv,hv
2020-05-15T04:19:43.410Z,46.3521666666667,-122.270666666667,14.46,2.17,ml,44,54,0.03718,0.21,uw,uw61614622,2020-05-15T05:19:50.278Z,"22km S of Morton, Washington",earthquake,0.36,0.62,0.241313693608718,21,reviewed,uw,uw
2020-05-15T04:12:57.910Z,37.876667,-122.2083359,8.85,0.86,md,13,111,0.01786,0.02,nc,nc73385050,2020-05-15T04:25:02.660Z,"2km W of Orinda, CA",earthquake,0.45,0.41,0.11,7,automatic,nc,nc
2020-05-15T04:10:21.990Z,38.8255005,-122.8526688,1.82,1.92,md,38,60,0.003867,0.04,nc,nc73385040,2020-05-15T07:34:02.820Z,"10km WNW of The Geysers, CA",earthquake,0.18,0.26,0.17,12,automatic,nc,nc
2020-05-15T04:00:50.760Z,38.4347,-115.9547,0.1,2,ml,9,199.44,0.275,0.41,nn,nn00725251,2020-05-15T04:24:23.856Z,"45km NE of Warm Springs, Nevada",earthquake,,20.6,,,automatic,nn,nn
2020-05-15T03:52:27.580Z,38.831501,-122.7494965,-0.18,0.4,md,9,170,0.01598,0.04,nc,nc73385035,2020-05-15T04:44:03.952Z,"2km WNW of Cobb, CA",earthquake,0.46,0.82,0.17,2,automatic,nc,nc
2020-05-15T03:48:49.162Z,44.3666,-115.1566,10,2.5,ml,,81,0.938,1.06,us,us70009gfh,2020-05-15T04:09:41.622Z,"72km ESE of Cascade, Idaho",earthquake,2.1,2,0.047,60,reviewed,us,us
2020-05-15T03:48:36.120Z,38.8311653,-122.7503357,0.02,1.4,md,24,99,0.01531,0.05,nc,nc73385030,2020-05-15T07:09:04.656Z,"3km WNW of Cobb, CA",earthquake,0.2,0.43,0.15,7,automatic,nc,nc
2020-05-15T03:43:47.470Z,36.7038,-115.7998,0.2,0.5,ml,13,129.38,0.143,0.23,nn,nn00725249,2020-05-15T04:02:44.313Z,"57km NNE of Pahrump, Nevada",earthquake,,15.3,,,automatic,nn,nn
2020-05-15T03:27:30.470Z,33.5931667,-116.8108333,6.94,0.77,ml,36,66,0.03901,0.13,ci,ci39200775,2020-05-15T16:15:20.900Z,"13km WNW of Anza, CA",earthquake,0.15,0.39,0.131,22,reviewed,ci,ci
2020-05-15T03:20:46.390Z,35.9136667,-117.2715,5.39,1.41,ml,21,211,0.02462,0.1,ci,ci39200759,2020-05-15T16:05:14.715Z,"19km NNE of Trona, CA",earthquake,0.2,0.3,0.109,8,reviewed,ci,ci
2020-05-15T03:09:04.030Z,37.741,-122.5721667,7.8,1.02,md,30,103,0.09319,0.11,nc,nc73385005,2020-05-15T04:30:50.615Z,"6km W of San Francisco Zoo, CA",earthquake,0.25,0.46,0.205,21,reviewed,nc,nc
2020-05-15T03:09:00.812Z,53.4393,-165.1459,29.4,1.7,ml,,,,0.38,ak,ak02068yxgaz,2020-05-15T06:16:46.141Z,"87km SSE of Akutan, Alaska",earthquake,,14.4,,,reviewed,ak,ak
2020-05-15T02:58:44.305Z,67.7913,-158.5352,0,2.2,ml,,,,0.84,ak,ak02068ymlaz,2020-05-15T03:05:50.558Z,"121km NW of Kobuk, Alaska",earthquake,,0.4,,,automatic,ak,ak
2020-05-15T02:51:31.880Z,38.824501,-122.8539963,2.09,1.44,md,28,63,0.00378,0.03,nc,nc73385000,2020-05-15T03:22:03.307Z,"10km WNW of The Geysers, CA",earthquake,0.2,0.36,0.14,8,automatic,nc,nc
2020-05-15T02:45:07.430Z,38.8326683,-122.7501678,0.36,0.65,md,9,173,0.01558,0.03,nc,nc73384995,2020-05-15T03:11:03.239Z,"3km WNW of Cobb, CA",earthquake,0.42,0.82,0.08,2,automatic,nc,nc
2020-05-15T02:44:35.470Z,38.8255005,-122.8535004,2.32,1.31,md,18,65,0.003333,0.02,nc,nc73384990,2020-05-15T02:59:03.159Z,"10km WNW of The Geysers, CA",earthquake,0.26,0.5,0.16,4,automatic,nc,nc
2020-05-15T02:43:08.822Z,63.2477,-151.7192,8.3,1,ml,,,,0.68,ak,ak02068yjaua,2020-05-15T02:47:45.529Z,"131km NW of Talkeetna, Alaska",earthquake,,0.3,,,automatic,ak,ak
2020-05-15T02:38:26.185Z,1.4472,127.1081,135.89,4.8,mb,,106,0.719,1.01,us,us70009get,2020-05-15T02:56:09.040Z,"78km NNW of Kota Ternate, Indonesia",earthquake,8.9,4.9,0.098,32,reviewed,us,us
2020-05-15T02:30:47.815Z,69.3892,-143.1995,0,1.9,ml,,,,0.71,ak,ak02068ygliy,2020-05-15T02:35:02.486Z,"84km SSE of Kaktovik, Alaska",earthquake,,0.7,,,automatic,ak,ak
2020-05-15T02:20:46.440Z,19.4783325,-155.6098328,-2.22,2.26,ml,38,84,0.0272,0.28,hv,hv71513527,2020-05-15T02:26:21.120Z,"26km E of Honaunau-Napoopoo, Hawaii",earthquake,0.36,0.42,2.01,21,automatic,hv,hv
2020-05-15T02:19:23.900Z,35.677,-117.517,9.54,1.03,ml,21,135,0.1007,0.14,ci,ci39200743,2020-05-15T15:59:07.665Z,"14km SW of Searles Valley, CA",earthquake,0.27,0.57,0.168,5,reviewed,ci,ci
2020-05-15T02:16:08.012Z,-7.0679,155.5398,76.79,4.6,mb,,97,4.41,0.84,us,us70009gej,2020-05-15T02:35:20.040Z,"83km S of Panguna, Papua New Guinea",earthquake,9,4.3,0.063,75,reviewed,us,us
2020-05-15T02:12:26.166Z,59.5786,-153.0401,92.2,1.4,ml,,,,0.38,ak,ak02068ycozd,2020-05-15T02:16:37.722Z,"71km WSW of Anchor Point, Alaska",earthquake,,0.7,,,automatic,ak,ak
2020-05-15T02:08:38.490Z,37.5963333,-118.9835,1.16,0.13,md,9,215,0.02804,0.04,nc,nc73384985,2020-05-15T03:41:03.405Z,"4km S of Mammoth Lakes, CA",earthquake,0.58,0.92,0.294,9,reviewed,nc,nc
2020-05-15T02:06:30.560Z,34.1045,-116.9343333,6.44,1.46,ml,61,38,0.011,0.15,ci,ci39200735,2020-05-15T15:47:51.590Z,"13km NE of Yucaipa, CA",earthquake,0.13,0.35,0.172,21,reviewed,ci,ci
2020-05-15T02:03:37.270Z,19.2178326,-155.5079956,31.59,1.8,ml,44,134,0.03156,0.11,hv,hv71513492,2020-05-15T02:09:11.320Z,"3km WNW of Pahala, Hawaii",earthquake,0.56,0.76,4.41,4,automatic,hv,hv
2020-05-15T01:52:44.750Z,33.1596667,-115.9916667,6.55,1.55,ml,59,46,0.1202,0.18,ci,ci39200727,2020-05-15T15:04:57.950Z,"13km E of Ocotillo Wells, CA",earthquake,0.14,0.75,0.091,24,reviewed,ci,ci
2020-05-15T01:48:41.340Z,33.5058333,-116.5108333,10.43,0.48,ml,24,88,0.05421,0.11,ci,ci39200719,2020-05-15T16:15:18.493Z,"16km ESE of Anza, CA",earthquake,0.18,0.3,0.08,9,reviewed,ci,ci
2020-05-15T01:48:22.942Z,60.4336,-150.7896,36.6,1.4,ml,,,,0.64,ak,ak02068xyywk,2020-05-15T01:52:52.587Z,"11km S of Sterling, Alaska",earthquake,,1,,,automatic,ak,ak
2020-05-15T01:46:50.290Z,52.0793333,-176.148,3.85,-0.79,ml,4,246,0.02458,0.16,av,av70894309,2020-05-15T17:42:37.770Z,"41km ENE of Adak, Alaska",earthquake,1.03,1.17,0.169,4,reviewed,av,av
2020-05-15T01:35:14.716Z,58.1618,-155.4086,0,1.4,ml,,,,0.84,ak,ak02068xw5yi,2020-05-15T17:47:13.920Z,"94km SE of King Salmon, Alaska",earthquake,,0.5,,,automatic,ak,ak
2020-05-15T01:31:24.620Z,38.8186684,-122.7985001,2.43,0.55,md,15,49,0.0102,0.01,nc,nc73384975,2020-05-15T01:55:03.730Z,"6km NW of The Geysers, CA",earthquake,0.31,0.89,,1,automatic,nc,nc
2020-05-15T01:30:57.120Z,40.2173333,-111.1576667,6.94,1.79,ml,21,86,0.2089,0.13,uu,uu60386107,2020-05-15T15:34:39.790Z,"37km ENE of Mapleton, Utah",earthquake,0.35,2.54,0.116,6,reviewed,uu,uu
2020-05-15T01:30:57.070Z,40.2123333,-111.1568333,7.23,1.8,ml,26,87,0.2138,0.16,uu,uu60386112,2020-05-15T15:39:50.100Z,"37km ENE of Mapleton, Utah",earthquake,0.42,2.98,0.096,6,reviewed,uu,uu
2020-05-15T01:30:49.500Z,38.8156662,-122.8239975,2.03,0.76,md,20,53,0.007903,0.03,nc,nc73384970,2020-05-15T01:45:05.672Z,"7km NW of The Geysers, CA",earthquake,0.23,0.39,0.13,4,automatic,nc,nc
2020-05-15T01:26:33.890Z,36.0975,-117.8633333,4.07,1.79,ml,29,87,0.02118,0.1,ci,ci39200703,2020-05-15T14:40:47.700Z,"10km NE of Coso Junction, CA",earthquake,0.13,0.19,0.328,17,reviewed,ci,ci
2020-05-15T01:16:35.090Z,46.5438333333333,-122.512166666667,3.85,0.98,ml,8,290,0.266,0.12,uw,uw61614597,2020-05-15T05:29:23.020Z,"18km W of Morton, Washington",earthquake,1.32,10.76,0.299091112411197,6,reviewed,uw,uw
2020-05-15T01:14:43.020Z,18.934166,-155.181839,7.41,2.82,ml,45,249,0.3446,0.15,hv,hv71513462,2020-05-15T01:24:38.040Z,"36km SE of Pahala, Hawaii",earthquake,0.51,0.54,2.83,30,automatic,hv,hv
2020-05-15T01:05:45.390Z,38.8046684,-122.8239975,2.2,0.32,md,12,72,0.005828,0.03,nc,nc73384965,2020-05-15T01:29:03.586Z,"7km WNW of The Geysers, CA",earthquake,0.4,0.84,0.24,2,automatic,nc,nc
2020-05-15T01:04:58.610Z,38.8050003,-122.7348328,2.4,0.57,md,8,117,0.01992,0.02,nc,nc73384960,2020-05-15T01:19:02.524Z,"2km SSW of Cobb, CA",earthquake,0.42,1.45,0.28,3,automatic,nc,nc
2020-05-15T01:03:31.990Z,34.2296667,-117.4395,14.28,1.14,ml,39,62,0.03583,0.13,ci,ci39200695,2020-05-15T14:28:00.359Z,"4km WNW of Devore, CA",earthquake,0.15,0.22,0.155,19,reviewed,ci,ci
2020-05-15T00:57:09.860Z,35.7846667,-84.7673333,23.35,1.65,md,5,233,0.1567,0.09,se,se60106133,2020-05-15T14:18:55.500Z,"11km SW of Rockwood, Tennessee",earthquake,0.79,0.77,0.045,5,reviewed,se,se
2020-05-15T00:55:19.310Z,35.7793333,-84.7676667,22.41,2.25,md,19,53,0.1564,0.24,se,se60291357,2020-05-15T14:36:29.044Z,"12km SW of Rockwood, Tennessee",earthquake,0.67,1.13,0.093,16,reviewed,se,se
2020-05-15T00:54:57.366Z,60.6845,-151.4612,65.8,1.1,ml,,,,0.25,ak,ak02068xeux1,2020-05-15T06:08:23.123Z,"9km W of Nikiski, Alaska",earthquake,,1.3,,,reviewed,ak,ak
2020-05-15T00:35:43.920Z,38.8338318,-122.8106689,2.18,0.89,md,16,50,0.01043,0.02,nc,nc73384955,2020-05-15T00:59:18.972Z,"8km W of Cobb, CA",earthquake,0.27,0.66,,1,automatic,nc,nc
2020-05-15T00:25:36.100Z,36.53933333,-98.62383333,7.01,1.22,ml,29,116,0.06568710995,0.13,ok,ok2020jmrt,2020-05-15T14:17:31.526Z,"29km S of Alva, Oklahoma",earthquake,,0.3,0.2,6,reviewed,ok,ok
2020-05-15T00:22:06.474Z,39.6274,-119.9741,6.5,1.1,ml,13,76.57,0.022,0.1321,nn,nn00725241,2020-05-15T00:37:53.356Z,"5km S of Cold Springs, Nevada",earthquake,,1.2,0.16,7,reviewed,nn,nn
2020-05-15T00:15:34.592Z,60.462,-152.0685,92.1,2,ml,,,,0.41,ak,ak02068x6hjn,2020-05-15T00:26:43.280Z,"37km E of Redoubt Volcano, Alaska",earthquake,,0.5,,,automatic,ak,ak
2020-05-15T00:13:25.187Z,64.9602,-147.4841,0,1.4,ml,,,,0.86,ak,ak02068x61f2,2020-05-15T00:25:01.972Z,"17km NE of Fairbanks, Alaska",earthquake,,0.3,,,automatic,ak,ak
2020-05-15T00:11:01.500Z,38.8186684,-122.7976685,3.42,0.55,md,13,80,0.01078,0.02,nc,nc73384950,2020-05-15T00:18:03.134Z,"6km NW of The Geysers, CA",earthquake,0.42,1.03,,1,automatic,nc,nc
2020-05-15T00:06:00.967Z,61.4928,-151.4471,72.8,0.8,ml,,,,0.44,ak,ak02068x4hij,2020-05-15T00:10:35.021Z,"79km W of Big Lake, Alaska",earthquake,,0.6,,,automatic,ak,ak
2020-05-15T00:05:58.985Z,39.2965,-120.37,7.4,1.2,ml,15,127.63,0.024,0.148,nn,nn00725238,2020-05-15T00:28:37.697Z,"16km WSW of Truckee, California",earthquake,,1,0.18,7,reviewed,nn,nn
2020-05-15T00:03:52.590Z,38.833168,-122.8789978,2.77,0.91,md,16,63,0.006131,0.02,nc,nc73384945,2020-05-15T00:12:03.090Z,"12km WNW of The Geysers, CA",earthquake,0.46,0.75,,3,automatic,nc,nc
2020-05-14T23:58:46.310Z,52.088,-176.1505,-1.01,-0.33,ml,4,257,0.03333,0.07,av,av70894274,2020-05-15T03:31:37.880Z,"41km NE of Adak, Alaska",earthquake,0.56,0.31,0.228,4,reviewed,av,av
2020-05-14T23:54:16.870Z,33.6,-116.8078333,4.68,0.58,ml,18,83,0.03704,0.12,ci,ci39200679,2020-05-14T23:57:50.735Z,"13km WNW of Anza, CA",earthquake,0.4,0.26,0.144,13,automatic,ci,ci
2020-05-14T23:41:33.621Z,69.5908,-149.9996,29.9,2,ml,,,,0.78,ak,ak02067nhoj6,2020-05-14T23:54:30.117Z,"97km SW of Prudhoe Bay, Alaska",earthquake,,0.5,,,automatic,ak,ak
2020-05-14T23:41:00.762Z,69.6364,-144.1763,0.1,2.8,ml,,,,0.86,ak,ak02067nhm8i,2020-05-15T00:14:01.040Z,"66km S of Kaktovik, Alaska",earthquake,,0.6,,,automatic,ak,ak
2020-05-14T23:37:40.040Z,35.596,-117.4188333,6.08,3.26,ml,56,77,0.03659,0.15,ci,ci39200671,2020-05-15T14:38:42.256Z,"19km S of Trona, CA",earthquake,0.14,0.39,0.149,213,reviewed,ci,ci
2020-05-14T23:37:34.630Z,58.1613333,-155.3855,2.25,0.62,ml,8,200,0.05751,0.04,av,av62167646,2020-05-15T03:17:30.870Z,"94km SE of King Salmon, Alaska",earthquake,0.31,0.39,0.429,10,reviewed,av,av
2020-05-14T23:35:37.320Z,35.8715,-117.6956667,2.57,0.71,ml,10,75,0.0843,0.24,ci,ci39200663,2020-05-14T23:39:09.623Z,"20km ESE of Little Lake, CA",earthquake,0.55,0.73,0.129,8,automatic,ci,ci
2020-05-14T23:30:04.660Z,40.7635,-112.072,9.77,1.28,ml,20,51,0.01106,0.11,uu,uu60386097,2020-05-15T15:21:16.780Z,"6km NNE of Magna, Utah",earthquake,0.28,0.56,0.235,2,reviewed,uu,uu
2020-05-14T23:29:37.880Z,40.7606667,-112.0788333,8.76,1.15,md,16,75,0.007186,0.11,uu,uu60386102,2020-05-15T17:14:55.580Z,"6km NNE of Magna, Utah",earthquake,0.32,0.63,0.143,7,reviewed,uu,uu
2020-05-14T23:29:29.810Z,40.7626667,-112.0801667,10.06,0.56,md,8,93,0.009287,0.09,uu,uu60022924,2020-05-15T17:17:01.370Z,"6km NNE of Magna, Utah",earthquake,0.45,0.86,0.17,4,reviewed,uu,uu
2020-05-14T23:28:08.130Z,40.7635,-112.0706667,9.93,1.13,ml,18,51,0.01153,0.09,uu,uu60386092,2020-05-15T15:15:35.670Z,"6km NNE of Magna, Utah",earthquake,0.25,0.65,0.172,3,reviewed,uu,uu
2020-05-14T23:27:14.290Z,40.764,-112.0756667,10,1.56,ml,26,45,0.01068,0.14,uu,uu60386087,2020-05-15T15:06:49.420Z,"6km NNE of Magna, Utah",earthquake,0.26,0.61,0.133,8,reviewed,uu,uu
2020-05-14T23:27:00.960Z,35.054,-87.015,11.43,2.36,md,12,83,0.6014,0.25,se,se60106128,2020-05-15T12:58:53.790Z,"16km S of Pulaski, Tennessee",earthquake,0.36,1.09,0.065,10,reviewed,se,se
2020-05-14T23:26:05.930Z,40.7668333,-112.074,7.86,0.46,md,10,110,0.01371,0.09,uu,uu60386082,2020-05-15T15:01:39.010Z,"6km NNE of Magna, Utah",earthquake,0.44,0.93,0.041,5,reviewed,uu,uu
2020-05-14T23:25:24.610Z,38.8240013,-122.8034973,2.74,0.55,md,13,76,0.005173,0.02,nc,nc73384915,2020-05-15T00:07:03.061Z,"7km NW of The Geysers, CA",earthquake,0.33,0.79,,1,automatic,nc,nc
2020-05-14T23:21:18.690Z,38.8383331,-122.8259964,1.64,1.1,md,24,69,0.01643,0.03,nc,nc73384910,2020-05-15T03:07:04.213Z,"9km NW of The Geysers, CA",earthquake,0.19,0.41,0.19,6,automatic,nc,nc
2020-05-14T23:16:58.768Z,58.1671,-155.4063,0,1.6,ml,,,,0.29,ak,ak02067ncdkk,2020-05-15T03:20:35.940Z,"94km SE of King Salmon, Alaska",earthquake,,0.4,,,automatic,ak,ak
2020-05-14T23:16:55.740Z,40.7615,-112.0755,8.61,0.36,md,14,90,0.008265,0.1,uu,uu60386072,2020-05-15T14:42:38.090Z,"6km NNE of Magna, Utah",earthquake,0.31,0.71,0.354,7,reviewed,uu,uu
2020-05-14T23:11:22.110Z,40.762,-112.074,10.13,1.65,ml,33,34,0.009086,0.12,uu,uu60386067,2020-05-15T14:39:30.930Z,"6km NNE of Magna, Utah",earthquake,0.22,0.46,0.155,9,reviewed,uu,uu
2020-05-14T23:10:23.780Z,38.8111649,-122.8151703,2.27,0.84,md,24,54,0.01118,0.02,nc,nc73384900,2020-05-14T23:25:02.798Z,"6km NW of The Geysers, CA",earthquake,0.2,0.45,0.09,4,automatic,nc,nc
2020-05-14T23:05:25.670Z,40.7681667,-112.0796667,10.03,1.53,md,11,116,0.0147,0.05,uu,uu60022919,2020-05-15T14:27:40.040Z,"6km NNE of Magna, Utah",earthquake,0.38,0.72,0.144,4,reviewed,uu,uu
2020-05-14T23:05:06.580Z,40.7683333,-112.0811667,10.66,1.9,ml,13,91,0.015,0.11,uu,uu60022914,2020-05-15T14:24:02.010Z,"6km NNE of Magna, Utah",earthquake,0.38,0.59,0.136,2,reviewed,uu,uu
2020-05-14T23:04:49.120Z,40.7648333,-112.0763333,10.24,2.38,ml,43,32,0.01142,0.15,uu,uu60386062,2020-05-15T14:18:33.996Z,"6km NNE of Magna, Utah",earthquake,0.22,0.47,0.188,11,reviewed,uu,uu
2020-05-14T23:01:35.980Z,58.1965,-155.2655,2.35,-0.95,ml,6,132,0.0358,0.12,av,av70894264,2020-05-15T03:24:34.200Z,"98km ESE of King Salmon, Alaska",earthquake,0.4,1.09,0.162,6,reviewed,av,av
2020-05-14T23:00:14.267Z,59.8699,-151.6542,71.6,0.9,ml,,,,0.21,ak,ak02067n8vd1,2020-05-15T00:02:42.221Z,"14km NE of Anchor Point, Alaska",earthquake,,1,,,reviewed,ak,ak
2020-05-14T22:43:29.940Z,33.6471672,-116.7491684,12.5,0.82,ml,28,46,0.05477,0.2,ci,ci39200639,2020-05-14T22:47:14.323Z,"11km SSW of Idyllwild, CA",earthquake,0.37,0.77,0.198,9,automatic,ci,ci
2020-05-14T22:43:11.050Z,33.6565,-116.7465,13.69,0.33,ml,15,87,0.06083,0.1,ci,ci39200631,2020-05-14T22:46:50.321Z,"10km SSW of Idyllwild, CA",earthquake,0.46,0.46,0.032,4,automatic,ci,ci
2020-05-14T22:41:11.240Z,33.6608333,-116.7478333,14.67,1.03,ml,38,42,0.05752,0.19,ci,ci39200623,2020-05-14T22:44:53.308Z,"9km SSW of Idyllwild, CA",earthquake,0.28,0.42,0.197,27,automatic,ci,ci
2020-05-14T22:40:04.311Z,38.0202,-118.7914,6.3,1,ml,9,103.35,0.323,0.1405,nn,nn00725236,2020-05-15T02:08:26.114Z,"44km NNE of Mammoth Lakes, California",earthquake,,4.6,0.25,4,reviewed,nn,nn
2020-05-14T22:38:22.780Z,38.0296667,-118.798,4.57,2.14,md,31,92,0.2922,0.07,nc,nc73384890,2020-05-15T07:24:04.760Z,"28km SE of Bodie, CA",earthquake,0.32,31.61,0.221,32,reviewed,nc,nc
2020-05-14T22:37:20.330Z,19.3346672,-155.1351624,2.89,1.83,md,44,122,0.04889,0.15,hv,hv71513342,2020-05-14T22:40:35.640Z,"15km SE of Volcano, Hawaii",earthquake,0.33,0.9,0.22,25,automatic,hv,hv
2020-05-14T22:33:54.279Z,51.8508,-177.7414,6.7,1.4,ml,,,,0.45,ak,ak02067muid9,2020-05-14T23:52:48.118Z,"27km E of Tanaga Volcano, Alaska",earthquake,,1.4,,,reviewed,ak,ak
2020-05-14T22:33:35.281Z,34.1583,25.7249,10,4.8,mb,,57,1.32,0.76,us,us70009gck,2020-05-14T23:55:53.040Z,"94km S of Ierapetra, Greece",earthquake,3,1.8,0.036,242,reviewed,us,us
2020-05-14T22:15:43.570Z,35.639,-117.4365,10.55,1.17,ml,15,122,0.05642,0.21,ci,ci39200607,2020-05-14T22:19:28.144Z,"15km SSW of Searles Valley, CA",earthquake,0.61,0.79,0.18,12,automatic,ci,ci
2020-05-14T22:15:20.603Z,64.6752,-148.3196,4.9,1.9,ml,,,,0.79,ak,ak02067mqnat,2020-05-14T22:28:19.805Z,"24km SW of Ester, Alaska",earthquake,,0.3,,,automatic,ak,ak
2020-05-14T22:13:55.966Z,64.7109,-147.2063,19,0.9,ml,,,,0.88,ak,ak02067mqanz,2020-05-14T22:22:46.683Z,"8km NW of Eielson Air Force Base, Alaska",earthquake,,0.2,,,automatic,ak,ak
2020-05-14T22:13:09.258Z,60.2849,-151.5636,60.5,1.3,ml,,,,0.54,ak,ak02067mq714,2020-05-14T22:24:27.981Z,"16km WSW of Cohoe, Alaska",earthquake,,0.7,,,automatic,ak,ak
2020-05-14T22:12:31.100Z,52.0463333,-176.0876667,6.99,-0.29,ml,5,113,0.01863,0.2,av,av70894259,2020-05-15T03:04:23.010Z,"43km ENE of Adak, Alaska",earthquake,0.73,1.12,0.241,5,reviewed,av,av
2020-05-14T22:12:26.108Z,61.751,-150.1576,47.1,1,ml,,,,0.81,ak,ak02067mq0k4,2020-05-14T22:15:31.481Z,"6km W of Willow, Alaska",earthquake,,1,,,automatic,ak,ak
2020-05-14T22:10:52.294Z,39.2898,-120.3763,7,1.2,ml,12,104.17,0.031,0.1003,nn,nn00725219,2020-05-15T02:08:18.891Z,"17km WSW of Truckee, California",earthquake,,1.2,0.48,5,reviewed,nn,nn
2020-05-14T22:06:16.060Z,19.2173328,-155.41716,31.86,2.13,ml,50,140,0.02734,0.12,hv,hv71513302,2020-05-14T22:21:58.040Z,"5km ENE of Pahala, Hawaii",earthquake,0.54,0.72,2.88,26,automatic,hv,hv
2020-05-14T22:03:46.830Z,34.5023333,-117.9255,4.8,1.04,ml,15,94,0.05736,0.1,ci,ci39200591,2020-05-14T22:27:17.444Z,"2km WSW of Pearblossum, CA",earthquake,0.15,0.26,0.148,15,reviewed,ci,ci
2020-05-14T21:56:00.570Z,44.9551667,-111.7095,6.62,2.43,ml,31,64,0.364,0.21,mb,mb80422259,2020-05-14T22:18:15.240Z,"41km SSE of Virginia City, Montana",earthquake,0.49,1.56,0.256,21,reviewed,mb,mb
2020-05-14T21:46:00.860Z,38.8131676,-122.8259964,1.97,0.57,md,16,56,0.004961,0.06,nc,nc73384880,2020-05-14T22:23:04.465Z,"7km WNW of The Geysers, CA",earthquake,0.28,0.55,,1,automatic,nc,nc
2020-05-14T21:40:27.308Z,39.0426,140.4964,65.46,4.5,mb,,116,1.194,0.78,us,us70009gbb,2020-05-15T17:13:37.471Z,"13km S of Yuzawa, Japan",earthquake,9.3,8.4,0.054,102,reviewed,us,us
2020-05-14T21:27:57.922Z,61.0951,-148.3261,0.4,1.6,ml,,,,1.13,ak,ak02067m7v42,2020-05-14T21:39:27.004Z,"40km NNE of Whittier, Alaska",earthquake,,0.4,,,automatic,ak,ak
2020-05-14T21:24:10.540Z,54.1481667,-165.9823333,2.61,-0.85,ml,5,109,0.01996,0.23,av,av70894239,2020-05-15T02:55:47.190Z,"13km W of Akutan, Alaska",earthquake,0.48,0.94,0.293,5,reviewed,av,av
2020-05-14T21:15:47.890Z,19.2053337,-155.4088287,31.99,1.93,ml,39,153,0.03374,0.13,hv,hv71513257,2020-05-14T21:21:22.430Z,"7km E of Pahala, Hawaii",earthquake,0.61,0.83,0.23,3,automatic,hv,hv
2020-05-14T21:13:40.130Z,58.225,-155.1856667,3.72,-0.55,ml,4,259,0.01765,0.04,av,av70894254,2020-05-15T03:01:21.100Z,"100km ESE of King Salmon, Alaska",earthquake,0.59,1.34,0.077,3,reviewed,av,av
2020-05-14T21:11:48.770Z,18.0498,-66.853,11,3.13,md,16,103,0.0792,0.2,pr,pr2020135007,2020-05-15T02:30:52.929Z,"2km NE of Yauco, Puerto Rico",earthquake,0.36,0.77,0.23,11,reviewed,pr,pr
2020-05-14T21:06:12.330Z,58.1661667,-155.3893333,0.97,-0.77,ml,4,195,0.05463,0.02,av,av70894249,2020-05-15T02:59:19.400Z,"94km SE of King Salmon, Alaska",earthquake,0.33,2.27,0.139,4,reviewed,av,av
2020-05-14T21:05:18.890Z,36.444,-117.9755,2.38,2.12,ml,21,82,0.08449,0.23,ci,ci39200551,2020-05-14T21:09:09.668Z,"18km SSE of Lone Pine, CA",earthquake,0.46,2.72,0.203,25,automatic,ci,ci
2020-05-14T21:03:57.714Z,19.7819,-71.1292,10,4.4,mb,,57,0.517,0.95,us,us70009ga7,2020-05-15T04:16:44.708Z,"6km SE of Estero Hondo, Dominican Republic",earthquake,4.5,1.9,0.072,56,reviewed,us,us
2020-05-14T21:03:32.817Z,18.0827,-76.5614,10,3,ml,,242,0.936,0.34,us,us70009gad,2020-05-15T14:49:33.112Z,"12km ENE of Mavis Bank, Jamaica",earthquake,5.3,2,0.148,6,reviewed,us,us
2020-05-14T20:56:34.360Z,49.3945,-120.539166666667,9.3,2.15,ml,7,221,0.6018,0.16,uw,uw61614487,2020-05-15T16:39:05.700Z,"7km SSW of Princeton, Canada",earthquake,1.65,4.39,0.0894903774206393,9,reviewed,uw,uw
2020-05-14T20:55:17.790Z,38.8269997,-122.8123322,1.7,1.51,md,28,40,0.004008,0.02,nc,nc73384865,2020-05-14T23:36:02.872Z,"7km NW of The Geysers, CA",earthquake,0.17,0.31,0.12,5,automatic,nc,nc
2020-05-14T20:48:05.320Z,17.9665,-66.754,9,2.98,md,19,182,0.1255,0.19,pr,pr2020135006,2020-05-15T04:50:36.830Z,"5km SW of Tallaboa, Puerto Rico",earthquake,0.44,0.58,0.36,13,reviewed,pr,pr
2020-05-14T20:47:01.370Z,58.2313333,-155.1566667,4.27,-0.93,ml,6,220,0.01894,0.14,av,av70894224,2020-05-15T02:48:42.290Z,"101km ESE of King Salmon, Alaska",earthquake,1.31,1.91,0.307,6,reviewed,av,av
2020-05-14T20:41:39.749Z,62.0679,-148.9386,19.1,2.3,ml,,,,0.73,ak,ak02067lpe7f,2020-05-14T20:53:58.576Z,"30km N of Sutton-Alpine, Alaska",earthquake,,0.4,,,automatic,ak,ak
2020-05-14T20:30:42.820Z,35.6498333,-117.4461667,4.02,0.78,ml,9,170,0.06453,0.16,ci,ci39200511,2020-05-14T20:34:24.442Z,"14km SSW of Searles Valley, CA",earthquake,0.58,0.9,0.099,7,automatic,ci,ci
2020-05-14T20:29:52.120Z,52.0593333,-176.1441667,2.91,-0.32,ml,4,139,0.004823,0.3,av,av70894234,2020-05-15T02:52:45.300Z,"40km ENE of Adak, Alaska",earthquake,1.98,1.42,0.288,4,reviewed,av,av
2020-05-14T20:29:04.142Z,-14.8076,-179.2433,10,4.8,mb,,156,1.194,1.24,us,us70009g97,2020-05-14T21:14:35.040Z,"128km WSW of Sigave, Wallis and Futuna",earthquake,7.6,1.9,0.092,37,reviewed,us,us
2020-05-14T20:28:03.860Z,35.9135,-117.6801667,1.46,0.93,ml,13,75,0.04199,0.16,ci,ci39200503,2020-05-14T20:31:47.424Z,"21km E of Little Lake, CA",earthquake,0.25,0.49,0.146,11,automatic,ci,ci
2020-05-14T20:23:28.670Z,52.0151667,-176.0675,2.56,-0.53,ml,5,158,0.02757,0.23,av,av70894229,2020-05-15T02:50:45.290Z,"43km ENE of Adak, Alaska",earthquake,0.59,1.85,0.178,5,reviewed,av,av
2020-05-14T20:13:25.210Z,39.4048333,-110.2893333,-3.1,1.51,md,7,204,0.03373,0.06,uu,uu60386037,2020-05-14T22:24:24.900Z,"19km SE of East Carbon City, Utah",earthquake,0.86,1.4,0.236,7,reviewed,uu,uu
2020-05-14T20:00:21.270Z,44.2893333,-114.9761667,2.27,2.1,ml,7,129,0.833,0.26,mb,mb80422249,2020-05-14T20:20:12.860Z,"63km WSW of Challis, Idaho",earthquake,0.85,5.07,0.27,6,reviewed,mb,mb
2020-05-14T19:58:04.553Z,61.3699,-150.9664,54.9,1.5,ml,,,,0.49,ak,ak02067l7j1h,2020-05-14T20:01:34.614Z,"56km WSW of Big Lake, Alaska",earthquake,,0.6,,,automatic,ak,ak
2020-05-14T19:55:37.100Z,19.2096672,-155.4105072,31.3,1.81,md,32,156,0.03029,0.15,hv,hv71513172,2020-05-14T19:58:48.000Z,"7km E of Pahala, Hawaii",earthquake,0.61,0.91,0.01,3,automatic,hv,hv
2020-05-14T19:49:30.375Z,61.2877,-150.49,46.6,1,ml,,,,0.58,ak,ak02067l5nku,2020-05-14T19:54:22.593Z,"32km WNW of Anchorage, Alaska",earthquake,,2.7,,,automatic,ak,ak
2020-05-14T19:49:08.680Z,44.2103333,-115.1111667,6.4,2.17,ml,10,80,0.821,0.2,mb,mb80422239,2020-05-14T22:30:03.690Z,"71km NE of Idaho City, Idaho",earthquake,0.54,1.51,0.085,9,reviewed,mb,mb
2020-05-14T19:47:07.620Z,38.8416672,-122.8414993,1.71,0.1,md,10,89,0.01852,0.01,nc,nc73384845,2020-05-14T20:22:02.707Z,"10km NW of The Geysers, CA",earthquake,0.3,0.88,,1,automatic,nc,nc
2020-05-14T19:43:05.580Z,36.1513333,-117.929,5.06,0.82,ml,12,108,0.06882,0.09,ci,ci39200455,2020-05-14T22:18:50.189Z,"12km N of Coso Junction, CA",earthquake,0.23,0.63,0.273,8,reviewed,ci,ci
2020-05-14T19:41:35.020Z,45.4988333,-111.7493333,7.73,0.41,ml,5,178,0.129,0.04,mb,mb80422229,2020-05-14T20:12:38.000Z,"27km NE of Virginia City, Montana",earthquake,1.33,3.57,0.211,2,reviewed,mb,mb
2020-05-14T19:36:32.810Z,38.8423347,-122.8388367,1.95,1.31,md,11,118,0.004564,0.02,nc,nc73384840,2020-05-14T22:28:04.504Z,"10km NW of The Geysers, CA",earthquake,0.32,0.57,1.2,2,automatic,nc,nc
2020-05-14T19:34:57.549Z,36.548,-98.62633333,6.89,2.17,ml,100,62,0.05758869913,0.18,ok,ok2020jmie,2020-05-14T20:12:28.277Z,"28km S of Alva, Oklahoma",earthquake,,0.2,0.26,19,reviewed,ok,ok
2020-05-14T19:31:45.000Z,58.4466667,-154.469,3.33,-0.82,ml,4,286,0.06268,0.23,av,av70894219,2020-05-15T02:44:09.710Z,"105km NNW of Larsen Bay, Alaska",earthquake,2.73,4.51,0.415,4,reviewed,av,av
2020-05-14T19:31:01.830Z,19.1989994,-155.4141693,30.22,1.97,md,39,155,0.04141,0.13,hv,hv71513152,2020-05-14T19:34:12.680Z,"6km E of Pahala, Hawaii",earthquake,0.71,0.97,0.13,6,automatic,hv,hv
2020-05-14T19:30:28.090Z,38.822834,-122.7639999,2.1,0.73,md,10,122,0.008916,0.01,nc,nc73384835,2020-05-14T20:01:03.575Z,"4km W of Cobb, CA",earthquake,0.4,0.66,,1,automatic,nc,nc
2020-05-14T19:26:32.450Z,17.9851,-66.9545,9,3.12,md,21,163,0.076,0.23,pr,pr2020135005,2020-05-15T03:29:08.011Z,"3km W of Fuig, Puerto Rico",earthquake,0.45,0.8,0.19,18,reviewed,pr,pr
2020-05-14T19:24:14.310Z,33.5005,-116.4983333,12.11,0.24,ml,16,89,0.06306,0.08,ci,ci37445629,2020-05-14T22:16:42.392Z,"17km ESE of Anza, CA",earthquake,0.21,0.36,0.146,9,reviewed,ci,ci
2020-05-14T19:23:47.210Z,33.5006667,-116.499,12.63,0.37,ml,18,69,0.06267,0.08,ci,ci39200431,2020-05-14T22:09:14.854Z,"17km ESE of Anza, CA",earthquake,0.17,0.33,0.123,12,reviewed,ci,ci
2020-05-14T19:23:25.930Z,44.3505,-115.176,9.16,2.47,ml,14,83,0.943,0.27,mb,mb80422219,2020-05-14T22:40:21.750Z,"71km ESE of Cascade, Idaho",earthquake,0.55,1.29,0.169,12,reviewed,mb,mb
2020-05-14T19:20:39.180Z,44.2828333,-115.075,7.36,2.65,ml,13,78,0.864,0.33,mb,mb80422209,2020-05-14T22:47:35.790Z,"71km WSW of Challis, Idaho",earthquake,0.74,1.83,0.146,11,reviewed,mb,mb
2020-05-14T19:19:38.750Z,36.1053333,-117.5855,2.93,1.51,ml,15,207,0.09133,0.14,ci,ci39200423,2020-05-14T19:23:23.011Z,"33km ENE of Coso Junction, CA",earthquake,0.56,1.29,0.183,20,automatic,ci,ci
2020-05-14T19:18:01.630Z,35.4796667,-118.3041667,1.34,1.12,ml,10,149,0.1452,0.23,ci,ci39200415,2020-05-14T19:21:38.002Z,"21km SE of Bodfish, CA",earthquake,0.76,1.44,0.124,13,automatic,ci,ci
2020-05-14T19:12:07.348Z,59.7054,-150.5162,66.2,1.4,ml,,,,0.98,ak,ak02067kxo0h,2020-05-14T19:21:55.449Z,"43km E of Fritz Creek, Alaska",earthquake,,0.9,,,automatic,ak,ak
2020-05-14T19:05:19.860Z,51.5814,-174.9451,26,2.1,ml,,,,0.43,ak,ak02067kw76x,2020-05-14T20:31:31.194Z,"85km SW of Atka, Alaska",earthquake,,134.4,,,reviewed,ak,ak
2020-05-14T19:02:52.060Z,56.4945,-158.3301667,0.45,1.41,ml,5,187,0.1171,0.26,av,av62167561,2020-05-15T02:42:42.350Z,"37km NE of Chignik Lake, Alaska",earthquake,1.15,2.85,0.134,4,reviewed,av,av
2020-05-14T19:01:06.282Z,59.7274,-138.6314,0,2,ml,,,,0.78,ak,ak02067kvbsx,2020-05-14T19:08:31.780Z,"65km ENE of Yakutat, Alaska",earthquake,,0.3,,,automatic,ak,ak
2020-05-14T18:57:28.030Z,38.822834,-122.8006668,2.55,0.55,md,8,113,0.00737,0.02,nc,nc73384830,2020-05-14T19:51:04.516Z,"6km NW of The Geysers, CA",earthquake,0.67,1.05,,1,automatic,nc,nc
2020-05-14T18:53:20.270Z,44.3678333,-115.2143333,17.73,1.72,ml,7,127,0.912,0.21,mb,mb80422199,2020-05-14T22:54:07.970Z,"67km ESE of Cascade, Idaho",earthquake,0.74,2.12,0.205,6,reviewed,mb,mb
2020-05-14T18:44:53.940Z,52.071,-176.2111667,3.16,-0.29,ml,4,250,0.02926,0.25,av,av70894214,2020-05-15T02:32:33.530Z,"37km NE of Adak, Alaska",earthquake,1.9,2.33,0.184,4,reviewed,av,av
2020-05-14T18:44:09.819Z,64.7749,-149,18.7,1.3,ml,,,,0.43,ak,ak02067kj3te,2020-05-14T18:48:26.387Z,"22km NNE of North Nenana, Alaska",earthquake,,0.2,,,automatic,ak,ak
2020-05-14T18:32:44.570Z,39.4118333,-110.3023333,-1.46,1.82,md,8,199,0.02147,0.07,uu,uu60386007,2020-05-14T21:08:28.230Z,"17km SSE of East Carbon City, Utah",earthquake,0.82,0.59,0.168,7,reviewed,uu,uu
2020-05-14T18:31:38.650Z,54.1555,-165.9835,1.6,-0.75,ml,5,92,0.01649,0.14,av,av70894209,2020-05-15T02:30:31.890Z,"13km W of Akutan, Alaska",earthquake,0.25,0.82,0.202,5,reviewed,av,av
2020-05-14T18:24:25.810Z,35.8645,-117.7026667,6.32,0.47,ml,9,74,0.07531,0.12,ci,ci39200351,2020-05-14T18:28:15.648Z,"20km ESE of Little Lake, CA",earthquake,0.36,1.08,0.064,5,automatic,ci,ci
2020-05-14T18:12:52.366Z,59.2642,-151.985,42.1,1.6,ml,,,,0.34,ak,ak02067kcc7z,2020-05-14T18:16:07.939Z,"48km SSW of Homer, Alaska",earthquake,,2.3,,,automatic,ak,ak
2020-05-14T18:07:29.875Z,62.1018,-148.9669,45.7,1,ml,,,,0.24,ak,ak02067kb7vf,2020-05-14T18:18:18.969Z,"34km N of Sutton-Alpine, Alaska",earthquake,,2.1,,,automatic,ak,ak
2020-05-14T18:01:28.222Z,38.0742,-118.7364,11.1,0.7,ml,5,256.55,0.254,0.1141,nn,nn00725208,2020-05-15T02:08:13.522Z,"47km ESE of Bridgeport, California",earthquake,,9.2,0,1,reviewed,nn,nn
2020-05-14T17:56:38.922Z,59.7554,-151.9807,46.7,2,ml,,,,0.6,ak,ak02067k0b14,2020-05-14T18:01:13.917Z,"8km WSW of Anchor Point, Alaska",earthquake,,1,,,automatic,ak,ak
2020-05-14T17:55:51.476Z,38.4548,-119.4195,2.4,1.3,ml,6,103.32,0.052,0.057,nn,nn00725206,2020-05-15T02:08:12.100Z,"27km NW of Bridgeport, California",earthquake,,6.5,0,1,reviewed,nn,nn
2020-05-14T17:52:58.912Z,61.6235,-149.7489,45.6,0.7,ml,,,,0.36,ak,ak02067jzgm9,2020-05-14T18:42:34.150Z,"3km ESE of Houston, Alaska",earthquake,,0.3,,,reviewed,ak,ak
2020-05-14T17:51:25.610Z,44.3026667,-115.1711667,10.58,2.35,ml,9,82,0.92,0.24,mb,mb80422189,2020-05-14T22:58:46.990Z,"73km ESE of Cascade, Idaho",earthquake,0.72,1.36,0.199,6,reviewed,mb,mb
2020-05-14T17:51:14.340Z,34.019,-117.2015,12.19,1.28,ml,36,64,0.07579,0.17,ci,ci39200311,2020-05-14T18:02:09.010Z,"4km SSW of Redlands, CA",earthquake,0.22,0.56,0.277,27,automatic,ci,ci
2020-05-14T17:51:03.691Z,62.884,-150.5784,85.8,1.9,ml,,,,0.5,ak,ak02067jz5qb,2020-05-14T17:56:31.815Z,"66km NNW of Talkeetna, Alaska",earthquake,,0.8,,,automatic,ak,ak
